URN,Q1_0,Q1_1,Q1_2,Q1_3,Q1_4,Q2_1,Q2_2,Q2_3,Q2_4,Q2_5,Q2_6,Q2_7,Q2_8,Q2_9,Q2_10,Q3_1,Q3_2,Q3_3,Q3_4,Q3_5,Q3_6,Q3_7,Q3_8,Q3_9,Q3_10,Q4_1,Q4_2,Q4_3,Q4_4,Q4_5,Q4_6,Q4_7,Q4_8,Q4_9,Q4_10,Q5_1,Q5_2,Q5_3,Q5_4,Q5_5,Q5_6,Q5_7,Q5_8,Q5_9,Q6_0,Q6_1,Q6_2,Q6_3,Q6_4,Q6_5,Q6_6,Q6_7,Q6_8,Q7_0,Q7_1,Q7_2,Q7_3,Q7_4,Q7_5,Q7_6,Q7_7,Q7_8,Q8,Q9_1,Q9_2,Q9_3,Q9_4,Q9_5,Q10_1,Q10_2,Q10_3,Q10_4,Q10_5,Q10_6,Q10_7,Q11_1,Q11_2,Q11_3,Q11_4,Q11_5,Q12,Q13_1,Q13_2,Q13_3,Q13_4,Q13_5,Q13_6,Q14,Q14_a_1,Q14_a_2,Q14_a_3,Q14_a_4,Q14_a_5,Q14_a_6,Q14_a_7,Q14_b,Q15,Q16,Q16_a,Q17,Q17_a,Q17_b_0,Q17_b_1,Q17_b_2,Q17_b_3,Q17_b_4,Q17_b_5,Q17_b_6,Q17_b_7,Q17_b_8,Q17_b_9,Q17_b_10,Q18,Q18_a,Q18_b,Q19,Q20,Q21_0,Q21_1,Q21_2,Q21_3,Q21_4,Q21_5,Q21_6,Q21_7,Q21_8,Q21_9,Q21_10,Q21_11,Q21_12,Q21_13,Q21_14,Q21_15,Q21_16,Q21_17,Q21_18,Q21_19,Q21_20,Q21_21,Q21_22,Q21_23,Q21_24,Q21_25,Q21_26,Q21_27,Q21_28,Q21_a,Q22,Q23,Q24_0,Q25,CompletionDate,Q9M_3CL,Q10M_3CL,Q11M_3CL,Q10Q11M_3CL,Q13M_3CL,Q14M_3CL,Q9Q10Q11Q13Q14M_3CL,Q9Q10Q11Q13Q14M_5CL,Q9Q14M_5CL,Q9Q14M_3CL,Q9Q10Q11M_3CL,Q9Q10Q11M_5CL,QQ_9_14_3CL,QQ_9_14_5CL,QQ_9_13_3CL,QQ_9_13_5CL,QQ_9_14_4CL,QQ_9_14_6CL,QQ_9_13_4CL,QQ_9_13_6CL,QQ_9_14_7CL,HC_9_14_7CL,HC_9_14_6CL,HC_9_14_5CL,HC_9_14_4CL,HC_9_14_3CL
373729-373720-37602956,0,0,1,1,1,2,3,2,2,2,2,3,3,3,1,2,3,2,2,2,2,3,2,3,1,2,2,2,2,2,2,2,2,2,1,3,3,1,1,1,1,1,3,1,1,0,0,0,1,0,0,0,0,0,0,0,0,0,1,1,0,0, ,3,3,2,2,2,2,2,2,2,1,2,2,2,1,3,3,1, ,3,3,2,2,2,2,0,3,2,1,2,2,1,2, ,4,1, ,0,0,0,0,1,0,0,0,0,0,0,0,0,0,1,1,0,0,0,0,0,0,0,0,0,1,0,0,0,0,0,0,0,0,0,0,0,0,0,0,0,0,0,0,0,0,0, , , ,0, ,7/23/2018 7:36:50,1,2,3,1,2,1,3,1,3,1,2,5,3,1,2,5,4,2,3,1,2,1,1,1,1,1
373729-373720-37603334,0,0,1,0,1,3,3,3,3,2,2,2,1,1,1,3,3,3,3,2,2,2,1,1,2,3,2,2,2,3,3,1,1,1,3,1,1,1,1,1,1,1,3,1,1,0,0,0,1,0,0,0,0,1,0,0,0,0,0,0,0,0, ,1,3,3,1,2,2,2,2,2,2,2,2,2,1,3,3,3, ,3,3,3,3,1,3,0,3,3,1,3,3,3,1, ,2,0, ,0,0,0,0,0,0,0,0,1,0,0,0,0,1, , ,0,0,0,0,0,0,0,0,0,1,0,0,0,0,0,0,0,0,0,0,0,0,0,0,0,0,0,0,0,0,0, , , ,0, ,7/23/2018 7:55:57,2,2,3,2,2,2,1,3,5,2,2,2,1,1,3,5,3,3,3,5,7,1,1,1,1,1
373729-373720-37603472,1,1,1,1,1,3,1,1,3,3,3,3,1,3,1,3,3,3,3,3,3,3,3,3,3,3,2,2,2,3,3,1,1,3,2,2,3,1,2,1,3,1,3,2,1,0,0,0,1,1,0,0,0,0,0,0,0,0,0,1,0,0, ,2,3,3,3,1,1,3,2,2,1,2,1,1,1,3,3,1, ,3,1,2,3,1,2,0,3,3,1,3,3,2,2, ,3,0, ,0,0,1,0,0,0,0,0,0,0,0,0,0,1, , ,0,0,0,0,0,0,0,0,0,1,0,0,0,0,0,0,0,0,0,0,0,0,0,0,0,0,0,0,0,0,0, , , ,0, ,7/23/2018 7:56:16,3,2,3,1,2,2,3,1,1,1,2,4,1,5,3,3,3,6,3,5,6,1,1,1,1,1
373729-373720-37603516,0,0,1,1,1,3,3,3,3,3,3,3,3,3,3,2,3,3,3,3,2,3,3,3,3,2,2,2,2,2,2,2,2,2,2,1,3,1,1,1,3,1,3,3,1,0,0,0,0,0,0,0,0,1,0,0,0,0,0,1,0,0, ,2,3,2,2,2,2,1,2,2,3,3,3,2,3,1,2,3, ,2,3,3,1,3,2,1, , , , , , , , ,4,0, ,0,0,0,0,0,0,0,0,1,0,0,0,0,1, , ,1,0,0,0,0,0,0,0,0,1,0,0,0,0,0,0,0,0,0,0,0,0,0,0,0,0,0,0,0,0,0, , , ,1, ,7/23/2018 8:00:53,2,1,1,3,3, , , , , , , , , ,1,4, , ,2,4, , , , , , 
373729-373720-37603568,0,0,1,1,1,2,3,2,3,2,3,3,1,3,1,3,2,2,2,2,3,2,2,2,2,3,3,1,1,1,2,1,1,2,1,2,3,1,3,1,3,1,1,1,1,0,0,0,1,0,0,0,0,0,0,0,0,0,0,1,0,0, ,3,3,3,3,1,2,3,3,1,1,3,3,1,1,3,3,3, ,3,3,3,3,1,2,1, , , , , , , , ,4,0, ,0,0,0,0,0,0,0,0,1,0,0,0,0,0,1,1,1,0,0,0,0,0,0,0,0,1,0,0,0,0,0,0,0,0,0,0,0,0,0,0,0,0,0,0,0,0,0, , , ,0, ,7/23/2018 8:01:07,1,1,3,2,2, , , , , , , , , ,1,5, , ,1,1, , , , , , 
373729-373720-37602959,1,1,1,1,1,1,3,1,1,1,1,3,3,3,1,3,3,2,3,2,3,2,2,2,3,3,3,3,3,3,3,1,3,2,3,1,3,1,1,1,2,1,3,3,1,0,0,0,1,1,0,1,0,1,0,0,0,0,1,1,0,0, ,1,3,3,3,1,1,3,1,3,2,1,1,1,3,1,3,2, ,1,3,2,1,3,1,0,1,1,3,1,3,2,3, ,4,1, ,0,0,0,0,0,0,0,0,1,0,0,0,0,0,1,1,1,0,0,0,0,0,0,0,0,1,0,0,0,0,0,0,0,0,0,0,0,0,0,0,0,0,0,0,0,0,0, , , ,1, ,7/23/2018 8:04:50,3,2,2,1,1,3,3,4,4,3,3,4,1,5,3,2,3,6,2,5,6,1,1,1,1,1
373729-373720-37603710,0,0,1,1,0,2,3,3,2,3,2,3,3,3,1,3,2,2,3,2,1,2,2,2,2,3,3,3,3,1,1,3,3,3,3,3,3,1,3,2,3,1,1,1,1,0,0,0,1,0,0,0,0,0,0,0,0,0,0,1,0,0, ,1,3,1,2,1,1,3,1,2,1,2,1,1,1,3,3,3, ,3,1,1,3,3,1,0,3,3,2,3,3,2,3, ,2,0, ,0,0,0,0,0,0,0,0,1,0,0,0,0,1, , ,2,0,0,0,0,0,0,0,0,1,0,0,0,0,0,0,0,0,0,0,0,0,0,0,0,0,0,0,0,0,0, , , ,0, ,7/23/2018 8:05:36,2,2,3,1,3,2,3,5,5,2,2,4,3,3,3,3,4,2,3,3,2,1,1,1,1,1
373729-373720-37603749,1,0,1,1,0,3,3,3,3,3,3,3,2,3,1,2,2,1,2,2,1,1,1,1,1,3,1,3,1,2,1,2,2,3,1,3,2,1,1,1,3,1,1,3,1,1,0,1,0,0,0,0,0,0,0,0,0,0,1,1,0,0, ,2,3,3,3,1,1,3,2,2,1,2,3,3,1,3,3,2, ,3,3,3,3,1,1,0,3,1,3,3,3,2,3, ,4,1, ,0,0,1,0,1,0,0,0,0,0,0,0,0,1, , ,1,0,0,0,0,0,0,0,0,1,0,0,0,0,0,0,0,0,0,0,0,0,0,0,0,1,0,0,0,0,0, , , ,0, ,7/23/2018 8:07:08,3,3,3,2,2,3,1,3,4,3,1,4,1,3,3,2,3,6,3,3,6,1,1,1,1,1
373729-373720-37603559,1,0,0,1,0,1,3,2,3,1,1,3,1,3,1,3,2,2,1,2,1,1,1,1,1,2,1,3,1,3,1,1,1,3,1,2,3,1,1,1,3,1,1,3,0,1,1,0,0,0,0,0,0,0,0,0,0,0,0,1,0,0, ,1,3,3,3,2,2,3,3,3,2,3,3,2,1,3,3,1, ,3,3,2,3,2,3,0,3,1,2,3,2,2,3, ,2,1, ,0,0,1,0,1,0,0,0,0,0,0,0,1,1, , ,2,1,0,0,0,0,0,0,0,1,0,0,0,0,0,0,0,0,0,0,0,0,0,0,0,0,0,0,0,0,1, , , ,0, ,7/23/2018 8:09:09,3,1,3,2,2,3,1,3,3,3,1,2,1,5,3,3,3,3,2,5,7,1,1,1,1,1
373729-373720-37603246,1,0,1,1,1,1,3,1,1,1,1,3,3,3,2,2,3,1,1,1,1,3,3,3,3,2,2,1,2,3,1,1,1,3,3,3,1,1,3,3,1,1,3,1,1,0,0,0,0,0,0,0,0,0,0,0,0,0,0,1,0,0, ,1,3,1,1,2,3,1,1,3,1,1,3,3,2,3,3,1, ,3,3,3,3,1,3,0,3,3,3,3,3,3,3, ,1,0, ,0,0,1,0,0,0,0,0,0,0,0,0,0,0,1,2,1,0,0,0,0,0,0,0,0,1,0,0,0,0,0,0,0,0,0,0,0,0,0,0,0,0,0,0,0,0,0, , , ,1, ,7/23/2018 8:09:19,2,2,3,1,2,2,2,3,5,2,2,4,1,1,3,5,3,3,3,5,7,1,1,1,1,1
373729-373720-37603601,1,1,1,1,1,2,3,1,1,3,1,3,1,3,2,3,1,1,1,2,1,1,1,3,3,2,3,1,1,3,3,3,1,3,3,3,3,1,1,1,3,1,1,1,1,0,0,0,1,0,0,0,0,1,0,0,0,0,1,0,0,0, ,3,3,3,3,1,2,3,1,3,1,3,1,1,1,3,3,3, ,3,1,1,2,2,1,0,3,3,1,3,2,1,1, ,2,1, ,0,0,1,0,0,0,0,0,0,0,0,0,0,1, , ,1,0,0,0,0,0,0,0,0,1,0,0,0,0,0,0,0,0,0,0,0,0,0,0,0,0,0,0,0,0,0, , , ,1, ,7/23/2018 8:14:37,1,2,3,1,3,1,3,1,1,1,2,5,3,1,2,1,4,2,3,1,2,1,1,1,1,1
373729-373720-37604069,1,1,1,1,1,3,3,3,3,3,2,3,3,3,2,3,3,3,3,2,3,3,3,2,2,3,1,1,2,1,1,1,1,1,1,3,3,1,3,1,2,1,3,1,1,0,0,0,0,0,0,0,0,1,0,0,0,0,0,1,0,0, ,1,1,3,3,1,1,3,3,3,1,3,2,1,2,3,3,3, ,3,3,3,2,3,1,0,3,3,1,3,3,2,1, ,3,0, ,0,0,0,0,0,0,0,0,1,0,0,0,0,1, , ,1,0,0,0,0,0,0,0,0,1,0,0,0,0,0,0,0,0,0,0,0,0,0,0,0,0,0,0,0,0,0, , , ,0, ,7/23/2018 8:19:04,3,3,3,2,3,1,1,2,1,1,1,2,1,5,3,3,2,5,3,3,3,2,1,1,1,1
373729-373720-37603712,1,0,1,1,0,3,3,1,1,1,1,1,1,1,3,3,1,1,1,1,1,1,1,1,3,1,1,1,1,1,1,1,1,1,3,1,1,1,1,1,1,1,2,1,1,0,0,0,1,0,0,0,0,1,0,0,0,0,0,1,0,0, ,3,1,3,3,1,1,3,1,3,1,3,1,1,3,3,3,1, ,3,3,1,1,3,3,0,1,1,1,3,1,1,1, ,4,0, ,0,0,0,0,1,0,0,0,0,0,0,0,0,1, , ,1,0,0,0,0,0,0,0,0,1,0,0,0,0,0,0,0,0,1,0,0,0,0,0,0,1,0,0,0,0,0, , , ,1, ,7/23/2018 8:19:41,1,2,3,1,3,1,3,2,3,1,1,5,3,1,2,1,4,2,3,1,2,1,1,1,1,1
373729-373720-37604286,1,1,1,1,1,3,3,3,3,1,1,2,1,1,1,3,1,3,3,3,3,1,3,3,3,3,3,2,2,2,2,1,1,1,3,1,3,1,2,1,3,3,1,1,0,1,1,0,0,0,0,0,0,1,0,0,0,0,0,1,0,0, ,3,3,2,3,3,1,3,3,3,2,3,2,2,3,1,3,1, ,3,3,2,3,3,1,0,3,3,1,3,2,1,1, ,2,1, ,0,0,1,0,0,0,0,0,0,0,0,0,0,0,0,1,1,0,0,0,0,0,0,0,0,1,0,0,0,0,0,0,0,0,0,0,0,0,0,0,0,0,0,0,0,0,0, , , ,0, ,7/23/2018 8:23:50,1,3,2,3,3,1,2,1,1,1,1,1,3,1,2,1,4,2,4,1,2,1,1,1,1,1
373729-373720-37604148,1,1,1,1,1,1,3,2,3,2,2,3,3,3,2,1,3,2,3,2,2,3,3,3,2,2,2,2,2,2,2,2,2,2,2,1,1,1,1,1,1,3,1,3,0,1,1,0,0,0,0,0,0,0,0,0,0,0,0,1,0,0, ,3,3,3,3,1,1,2,3,3,1,2,1,1,1,3,3,3, ,3,1,1,2,3,1,0,3,1,1,3,2,1,1, ,4,1, ,0,0,1,0,0,0,0,0,0,0,0,0,0,1, , ,0,1,0,0,0,0,0,0,0,1,0,0,0,1,0,0,0,0,0,0,0,0,0,0,0,0,0,0,0,0,0, , , ,0, ,7/23/2018 8:23:56,1,3,3,2,3,1,3,1,3,1,1,5,3,1,2,1,4,2,3,1,2,1,1,1,1,1
373729-373720-37604476,0,0,1,1,1,3,3,3,1,3,3,1,1,1,1,3,1,1,1,3,3,1,1,1,1,3,1,1,1,3,3,1,1,1,1,2,3,1,1,1,3,1,2,1,1,0,0,0,0,0,0,0,0,1,0,0,0,0,0,1,0,0, ,3,3,3,1,1,3,3,2,2,1,1,3,3,1,3,3,3, ,3,3,2,3,3,3,1, , , , , , , , ,5,1, ,0,0,0,0,0,0,0,0,1,0,0,0,0,1, , ,1,0,0,0,0,0,0,0,0,1,0,0,0,0,0,0,0,0,0,0,0,0,0,0,0,0,0,0,0,0,0, , , ,0, ,7/23/2018 8:29:58,1,2,3,2,2, , , , , , , , , ,2,5, , ,3,1, , , , , , 
373729-373720-37604504,0,0,1,1,1,1,3,3,3,2,1,1,1,1,1,3,2,2,2,2,1,1,1,1,1,3,1,1,1,1,1,1,1,1,1,1,1,3,3,3,3,1,1,1,1,0,0,0,0,0,1,0,0,0,0,0,0,0,0,1,0,0, ,1,3,3,3,1,2,3,3,3,2,3,2,2,2,3,3,2, ,3,1,1,3,1,1,0,3,3,1,3,3,2,2, ,2,1, ,0,0,1,0,1,0,0,0,0,0,0,0,0,1, , ,0,0,0,0,0,0,0,0,0,1,0,0,0,0,0,0,0,0,0,0,0,0,0,0,0,0,0,0,0,0,0, , , ,0, ,7/23/2018 8:32:10,3,1,3,2,3,2,1,1,1,1,1,2,1,5,3,3,3,4,2,3,7,1,1,1,1,1
373729-373720-37604255,1,0,1,1,1,3,3,1,2,1,2,3,3,3,1,3,3,3,3,3,3,2,2,3,1,1,1,3,3,3,3,1,1,1,1,2,3,3,3,1,3,3,1,3,0,1,1,1,0,0,0,0,0,1,0,0,0,0,1,1,0,0, ,3,3,3,2,1,1,3,3,3,2,3,3,1,3,3,3,3, ,3,3,3,3,1,1,1, , , , , , , , ,2,0, ,0,0,1,0,0,0,0,0,0,0,0,0,0,1, , ,1,1,0,0,0,0,0,0,0,1,0,0,0,1,0,0,0,0,0,0,0,0,0,0,0,0,0,0,0,0,0, , , ,1, ,7/23/2018 8:33:43,1,3,1,2,2, , , , , , , , , ,2,1, , ,4,2, , , , , , 
373729-373720-37604529,1,0,1,1,0,3,3,1,2,1,1,1,1,1,1,3,3,1,2,1,1,1,1,1,1,3,1,2,2,1,1,1,1,1,1,1,2,1,2,1,3,3,1,3,0,1,1,1,0,0,0,0,0,0,1,0,0,0,0,1,0,0, ,3,3,3,2,1,1,3,3,3,1,3,3,2,3,3,1,3, ,3,3,3,2,3,2,0,3,1,1,3,3,3,1, ,4,1, ,0,0,1,0,0,0,0,0,0,0,0,0,0,1, , ,1,0,0,0,0,0,0,0,0,1,0,0,0,0,0,0,0,0,0,0,0,0,0,0,0,0,0,0,0,0,0, , , ,1, ,7/23/2018 8:37:25,1,3,1,3,2,1,1,3,3,1,1,2,2,4,2,1,1,2,4,2,5,3,2,2,2,2
373729-373720-37605513,1,0,1,1,0,2,3,2,3,3,3,2,3,3,2,3,3,3,1,1,3,2,3,3,3,3,2,3,3,3,2,1,1,3,2,1,3,1,2,1,3,1,2,1,1,0,0,0,0,0,0,0,0,0,0,0,0,0,0,1,0,0, ,3,3,3,3,1,1,3,3,3,2,3,3,1,1,3,3,3, ,3,2,1,3,2,1,0,3,3, ,3,2,2,1, ,1,0, ,0,0,1,0,0,0,0,0,0,0,0,0,0,1, , ,2,0,0,0,0,0,0,0,0,1,0,0,0,0,0,0,0,0,0,0,0,0,0,0,0,0,0,0,0,0,0, , , ,1, ,7/23/2018 9:00:21,1,3,3,2,3, , , , , , , , , ,2,1, , ,3,1, , , , , , 
373729-373720-37605396,1,1,1,1,1,3,3,3,3,1,1,3,3,1,1,3,1,3,2,1,1,1,1,1,1,3,1,3,2,3,1,1,1,1,1,3,3,1,3,1,3,1,1,1,1,0,0,0,1,0,0,0,0,0,0,0,0,0,1,1,0,0, ,3,3,3,2,3,1,3,3,3,1,3,3,1,1,3,3,3, ,3,3,3,3,3,1,0,3,3,1,3,3,3,1, ,3,0, ,0,0,0,1,0,0,0,0,0,0,0,0,0,0,1,1,1,0,0,0,0,0,0,0,0,1,0,0,0,0,0,0,0,0,0,0,0,0,0,0,0,0,0,0,0,0,0, , , ,1, ,7/23/2018 9:03:11,1,3,3,2,3,2,1,2,1,1,1,2,3,3,2,1,4,2,3,1,2,1,1,1,1,1
373729-373720-37605124,0,0,0,1,0,3,3,3,3,1,1,3,3,3,1,3,3,2,3,1,1,2,2,3,1,3,1,3,2,1,1,1,1,2,2,2,3,1,3,3,3,1,2,2,1,0,0,0,1,0,0,0,0,1,0,0,0,0,0,1,0,0, ,3,3,3,2,1,1,3,3,3,1,3,3,1,1,3,3,3, ,3,3,3,2,1,3,0,3,3,1,3,1,2,3, ,2,0, ,0,0,0,1,0,0,0,0,0,0,0,0,0,1, , ,2,0,0,0,0,0,0,0,0,1,0,0,0,0,0,0,1,0,0,0,0,0,0,0,0,0,0,0,0,0,0, , , ,0, ,7/23/2018 9:05:40,1,3,3,2,2,2,1,3,1,1,1,2,3,1,2,1,4,2,3,1,2,1,1,1,1,1
373729-373720-37604438,1,0,1,1,1,3,3,1,3,1,1,3,3,3,1,3,2,3,3,2,1,1,1,2,3,3,1,3,1,3,1,1,1,1,2,1,2,1,1,1,1,1,2,2,1,0,0,0,0,0,0,0,0,0,0,0,0,0,0,1,0,0, ,3,3,2,1,3,2,2,3,2,3,3,2,1,3,3,3,3, ,3,3,1,2,1,3,0,1,1,3,3,3,3,3, ,2,1, ,0,0,0,0,0,0,0,0,1,0,0,0,0,1, , ,1,0,0,0,0,0,0,0,0,1,0,0,0,0,0,0,0,0,0,0,0,0,0,0,0,0,0,0,0,0,0, , , ,1, ,7/23/2018 9:18:57,2,1,1,3,2,3,2,4,4,3,3,3,2,2,1,4,1,1,2,4,4,4,3,3,3,3
373729-373720-37605093,1,0,0,1,0,3,2,3,3,1,1,1,1,2,1,3,1,2,3,2,2,2,1,3,1,2,1,3,3,3,2,1,1,1,1,2,3,1,3,1,3,1,3,1,1,0,0,0,0,0,0,0,0,1,0,0,0,0,0,0,0,0, ,2,3,3,1,3,3,1,3,1,3,3,3,3,3,1,3,3, ,3,3,3,3,1,3,0,3,3,3,3,3,2,3, ,3,1, ,0,0,0,0,0,1,0,0,0,0,0,0,0,1, , ,3,0,0,0,0,0,0,0,0,1,0,0,0,0,1,0,0,0,0,0,0,0,0,0,0,0,0,0,0,0,0, , , ,0, ,7/23/2018 9:30:43,2,1,1,3,2,2,2,3,5,2,3,1,2,2,1,4,1,1,2,4,4,4,3,3,3,3
373729-373720-37606580,1,0,1,1,0,1,3,2,2,3,2,3,3,3,1,3,2,1,1,1,1,2,3,2,1,3,3,1,1,1,1,2,3,3,3,1,2,1,1,1,1,2,2,3,1,1,1,1,0,1,0,0,0,1,0,0,0,0,1,1,0,0, ,2,3,3,1,2,2,3,1,2,1,1,2,2,3,2,3,3, ,3,3,1,2,2,1,0,1,3,3,2,3,1,3, ,5,1, ,0,0,1,0,0,0,0,0,0,0,0,0,0,1, , ,1,1,0,0,0,0,0,0,1,1,0,0,1,0,0,0,0,0,0,0,0,0,0,0,0,0,0,0,0,0,0, , , ,1, ,7/23/2018 9:43:52,2,2,1,1,3,3,2,4,2,2,3,3,2,2,1,4,1,1,2,4,4,4,3,3,3,3
373729-373720-37606837,1,0,1,1,1,3,3,3,3,2,1,3,3,3,1,3,2,3,3,1,1,2,2,2,1,3,1,2,2,1,1,1,1,1,1,1,3,1,1,1,3,3,3,3,1,0,1,0,0,1,1,1,0,0,0,0,0,0,0,1,0,0, ,3,3,3,3,1,1,3,3,3,2,3,3,2,3,1,3,3, ,3,3,3,3,2,3,0,1,1,3,3,3,2,3, ,4,1, ,0,0,1,0,0,0,0,0,0,0,0,0,0,1, , ,1,0,0,0,0,0,0,0,0,1,0,0,0,0,0,0,0,0,0,0,0,0,0,0,0,0,0,0,0,0,0, , , ,1, ,7/23/2018 9:48:18,1,3,1,3,2,3,2,4,4,3,3,3,2,4,2,1,1,1,4,2,5,3,2,2,2,2
373729-373720-37607040,1,0,1,1,1,3,3,3,3,1,1,1,1,1,1,3,3,3,3,3,3,1,1,1,1,3,3,3,3,1,1,1,1,1,1,3,3,1,3,3,3,1,3,1,1,0,0,0,1,1,1,0,0,1,0,0,0,0,1,1,0,0, ,1,3,3,1,1,3,3,3,3,1,3,3,1,1,3,3,1, ,1,3,3,3,1,3,0,3,3,1,3,3,3,1, ,3,0, ,0,0,1,0,0,0,0,0,0,0,0,0,0,1, , ,1,0,0,0,0,0,0,0,0,1,0,0,0,0,0,0,0,0,0,0,0,0,0,0,0,0,0,0,0,0,0, , , ,1, ,7/23/2018 9:49:56,2,1,3,2,2,2,1,1,5,2,2,2,1,1,1,5,3,3,1,5,7,1,1,1,1,1
373729-373720-37606868,0,0,1,0,0,3,3,1,1,1,1,1,1,3,3,3,1,2,1,2,1,1,1,1,3,3,1,1,1,1,1,1,1,1,1,3,3,1,2,1,2,1,3,1,1,0,0,0,0,0,0,0,1,1,0,0,0,0,0,0,0,0, ,3,3,3,2,1,1,3,3,3,1,3,3,1,3,3,3,3, ,3,3,1,2,2,1,0,3,3,3,3,3,2,3, ,5,1, ,0,0,0,0,1,1,0,0,0,0,0,0,0,1, , ,0,0,0,0,0,0,0,0,0,1,0,0,0,0,0,0,0,0,0,0,0,0,0,0,0,0,0,0,0,0,0, , , ,1, ,7/23/2018 9:54:43,1,3,1,2,3,2,1,4,4,3,1,3,2,4,2,1,1,1,4,2,5,3,2,2,2,2
373729-373720-37606978,1,1,1,1,1,2,3,1,3,1,1,3,3,3,1,3,3,3,2,1,1,3,3,2,3,3,1,3,2,3,1,1,3,3,3,1,3,1,1,1,3,1,3,1,1,0,0,0,1,0,0,0,0,1,0,0,0,0,0,1,0,0, ,1,3,3,1,3,3,3,3,1,1,3,3,1,1,3,3,3, ,3,3,3,3,1,3,0,3,3,1,3,3,3,3, ,2,0, ,0,0,0,1,0,0,0,0,0,0,0,0,0,0,1,1,0,0,0,0,0,0,0,0,0,1,0,0,0,0,0,0,0,0,0,0,0,0,0,0,0,0,0,0,0,0,0, , , ,0, ,7/23/2018 9:56:04,2,1,3,2,2,2,1,3,5,2,1,2,1,1,1,5,3,3,1,5,7,1,1,1,1,1
373729-373720-37607243,1,0,1,1,0,3,3,1,1,1,1,3,3,3,1,3,3,1,1,1,1,3,3,3,3,3,2,2,2,2,2,2,2,3,3,1,3,1,1,1,2,1,1,3,0,1,1,1,0,0,0,0,0,0,0,0,0,0,0,1,0,0, ,3,3,3,3,1,2,3,3,3,1,3,3,1,1,3,3,3, ,3,3,1,3,1,2,0,3,1,1,3,3,3,3, ,4,1, ,0,0,1,0,0,0,0,0,0,0,0,0,0,1, , ,1,0,0,0,0,0,0,0,0,1,0,0,0,0,0,0,0,0,0,0,0,0,0,0,0,0,0,0,0,0,0, , , ,0, ,7/23/2018 10:01:46,1,3,3,2,2,3,1,3,3,3,1,2,3,3,2,1,4,2,3,1,2,1,1,1,1,1
373729-373720-37607346,1,0,1,1,1,3,3,3,3,3,3,3,3,3,1,3,3,3,3,3,3,3,3,3,3,2,2,2,2,2,2,2,2,2,2,3,3,1,2,2,3,1,1,1,1,0,0,0,0,0,0,0,0,0,0,0,0,0,0,1,0,0, ,2,2,2,2,2,2,2,1,2,1,1,1,1,1,3,3,1, ,3,3,1,3,3,1,0,3,3,1,3,1,2,1, ,5,1, ,0,0,0,0,0,0,1,0,0,0,0,0,0,1, , ,0,0,0,0,0,0,0,0,0,1,0,0,0,0,0,0,0,0,0,0,0,0,0,0,0,0,0,0,0,0,0, , , ,0, ,7/23/2018 10:02:50,2,2,3,1,3,1,3,5,1,1,2,5,3,1,3,3,2,5,3,3,3,1,1,1,1,1
373729-373720-37607447,1,1,1,1,1,3,3,3,2,2,1,1,1,3,3,3,3,3,2,2,1,1,1,3,3,3,1,3,3,3,1,1,1,3,3,1,3,1,1,2,3,1,3,1,1,0,0,0,0,0,0,0,0,0,0,0,0,0,0,1,0,0, ,2,3,3,3,1,1,3,3,3,2,3,3,1,1,3,3,3, ,3,3,3,2,1,1,0,3,1,3,3,3,3,2, ,2,0, ,0,0,0,0,0,0,0,0,1,0,0,0,0,0,1,2,2,0,0,0,0,0,0,0,0,1,0,0,0,0,0,0,0,0,0,0,0,0,0,0,0,0,0,0,0,0,0, , , ,1, ,7/23/2018 10:08:24,3,3,3,2,2,3,1,3,4,3,1,3,1,3,3,2,3,6,3,3,6,1,1,1,1,1
373729-373720-37604269,0,0,1,1,1,2,3,3,3,1,1,3,3,3,3,3,2,2,2,1,1,1,1,1,1,3,3,3,3,2,1,1,1,1,1,3,3,1,3,1,3,1,1,2,1,0,0,0,1,1,0,0,0,0,0,0,0,0,0,1,0,0, ,3,3,3,3,1,3,2,1,1,1,3,3,3,3,3,2,3, ,3,3,3,3,1,3,0,3,1,3,3,2,2,3, ,3,0, ,0,0,0,0,0,0,0,0,1,0,0,0,0,1, , ,1,0,0,0,0,0,0,0,0,1,0,0,0,0,0,0,0,0,0,0,0,0,0,0,0,0,0,0,0,0,0, , , ,0, ,7/23/2018 10:11:18,1,1,1,3,2,3,2,3,4,3,3,1,2,2,1,4,1,1,1,4,4,4,3,3,3,3
373729-373720-37605272,1,1,1,1,1,3,3,2,2,2,2,3,1,3,1,3,3,3,3,3,3,2,1,2,2,2,2,2,2,2,2,2,2,2,2,1,2,1,1,1,3,3,3,3,0,1,1,1,0,0,0,0,0,1,0,0,0,0,0,0,0,0, ,1,3,3,2,1,1,3,3,3,1,3,3,1,2,3,3,3, ,3,3,3,3,1,3,0,3,1,1,3,3,3,1, ,3,1, ,0,0,1,0,0,0,0,0,0,0,0,0,0,1, , ,1,1,0,0,0,0,0,0,0,1,0,0,0,1,0,0,0,0,0,0,0,0,0,0,0,0,0,0,0,0,1, , , ,1, ,7/23/2018 10:15:29,3,3,3,2,2,1,1,3,3,1,1,2,1,5,3,2,2,5,3,3,3,2,1,1,1,1
373729-373720-37608067,1,0,1,1,1,1,3,2,3,2,3,3,3,3,1,3,3,3,3,3,3,3,3,3,2,3,1,2,1,2,2,1,2,2,2,1,1,1,1,1,3,3,1,3,0,1,1,1,0,0,0,1,0,0,0,0,0,0,0,0,0,0, ,3,3,3,2,2,3,3,3,3,3,3,3,3,3,1,1,3, ,3,3,3,3,1,3,0,1,1,3,3,3,2,3, ,5,1, ,0,0,1,0,0,0,0,0,0,0,0,0,0,1, , ,1,11,0,0,0,0,0,0,0,1,0,0,0,1,0,0,0,0,0,0,0,0,0,0,0,0,0,0,0,0,0, , , ,0, ,7/23/2018 10:20:13,1,1,1,3,2,3,2,4,4,3,3,3,2,2,1,4,1,1,1,4,4,4,3,3,3,3
373729-373720-37607379,1,1,1,1,1,3,3,1,3,1,2,3,2,3,1,3,2,2,2,3,3,2,2,3,3,3,1,1,2,2,2,1,1,3,3,3,3,3,1,1,3,1,2,1,1,0,0,0,0,0,0,0,0,0,0,0,0,0,1,1,0,0, ,3,3,3,1,1,1,3,3,3,2,3,3,1,1,3,3,1, ,3,1,3,2,2,1,0,3,3,1,3,3,2,3, ,1,1, ,1, ,0,0,0,0,0,0,0,0,0,0,0,0,0,2,2,0,0,0,0,0,0,0,0,1,0,0,0,0,0,0,0,0,0,0,0,0,0,0,0,1,0,0,0,0,0, , , ,0, ,7/23/2018 10:32:13,1,3,3,2,3,2,1,1,5,2,1,2,3,3,2,1,4,2,3,1,2,1,1,1,1,1
373729-373720-37603805,1,0,1,1,1,1,1,1,1,3,3,3,3,2,3,1,1,1,1,1,3,3,3,3,3,1,2,1,1,1,1,3,3,3,3,1,3,1,1,1,3,1,1,1,1,0,0,0,0,0,0,0,0,0,0,0,0,0,0,1,0,0, ,1,3,3,2,1,1,3,2,3,1,1,2,2,2,3,3,3, ,3,3,1,3,1,1,0,1,3,1,3,3,3,2, ,3,0, ,1, ,0,0,0,0,0,0,0,0,0,0,0,1, , ,1,0,0,0,0,0,0,0,0,1,0,0,0,0,0,0,0,0,0,0,0,0,0,0,0,0,0,0,0,0,0, , , ,1, ,7/23/2018 10:43:01,3,2,1,1,3,2,1,2,2,2,2,2,2,2,1,4,2,4,2,6,1,5,4,4,4,1
373729-373720-37609025,1,1,1,1,1,3,3,3,2,3,3,3,2,3,1,3,2,3,3,3,3,2,2,2,1,3,2,3,3,3,3,1,2,1,1,2,3,1,3,1,3,1,3,2,1,0,0,0,0,0,0,0,0,0,0,0,0,0,1,1,0,0, ,3,3,3,3,2,2,2,3,2,1,2,2,1,3,1,3,3, ,3,3,3,3,2,1,0,2,3,2,2,3,1,3, ,4,1, ,0,1,1,0,0,0,0,0,0,0,0,0,0,1, , ,0,0,0,0,0,0,0,0,0,1,0,0,0,0,0,0,0,0,0,0,0,0,0,0,0,0,0,0,0,0,0, , , ,0, ,7/23/2018 10:44:23,1,3,1,3,2,2,2,4,4,3,3,1,2,4,2,1,1,1,4,2,5,3,2,2,2,2
373729-373720-37609109,1,1,1,1,1,1,3,3,3,3,3,3,1,3,1,3,1,3,3,3,3,1,1,3,1,3,1,3,1,3,1,2,1,3,3,3,3,1,3,1,3,3,2,3,0,0,1,0,1,1,0,1,0,1,0,0,0,0,1,1,1,0, ,3,3,3,3,1,3,3,3,3,1,3,3,1,3,3,3,3, ,3,3,3,3,1,3,0,1,1,3,2,3,3,3, ,5,1, ,0,0,1,0,0,0,0,0,0,0,0,0,0,1, , ,4,0,0,0,0,0,0,0,0,1,0,0,0,0,0,0,0,0,0,0,0,0,0,0,0,0,0,0,0,0,0, , , ,0, ,7/23/2018 10:46:04,1,1,1,3,2,3,2,4,4,3,3,3,2,2,1,4,1,1,1,4,4,4,3,3,3,3
373729-373720-37609233,1,1,0,0,1,2,2,2,2,1,2,2,2,2,2,2,2,2,2,2,2,2,2,2,2,2,2,2,2,2,2,2,2,2,2,1,1,1,1,1,1,3,1,3,0,1,1,0,0,0,0,0,0,0,0,0,0,0,0,0,0,0, ,1,1,3,3,1,1,1,1,3,1,2,2,1,1,3,3,2, ,3,3,2,2,3,1,0,3,2,1,2,2,2,2, ,5,1, ,0,0,0,0,1,0,0,0,0,0,0,0,0,1, , ,1,5,0,0,0,0,0,0,0,1,0,0,0,0,0,0,0,0,0,0,0,0,0,0,0,0,0,0,0,0,0, , , ,0, ,7/23/2018 10:57:29,3,2,3,1,3,1,3,2,3,1,2,5,1,5,3,3,2,5,3,3,3,2,1,1,1,1
373729-373720-37611830,1,0,1,1,1,3,3,2,3,2,3,3,1,3,1,3,2,1,1,3,2,2,1,3,1,2,1,3,1,3,1,1,1,2,1,3,1,1,3,1,3,3,1,3,0,1,1,1,0,0,0,0,0,0,0,0,0,0,1,1,0,0, ,3,3,3,3,1,1,3,3,3,1,2,1,1,1,3,3,1, ,3,2,2,3,1,1,0,3,1,3,2,3,3,3, ,4,1, ,0,0,1,0,0,0,0,0,0,0,0,0,0,1, , ,2,9,0,0,0,0,0,0,0,1,0,0,0,0,0,0,0,0,0,0,0,0,0,0,0,0,0,0,0,0,0, , , ,1, ,7/23/2018 11:47:24,1,3,3,1,3,3,1,1,4,3,1,4,3,3,2,1,4,2,3,1,2,1,1,1,1,1
373729-373720-37612292,1,1,1,1,1,1,3,3,3,2,3,3,1,3,1,3,1,3,2,3,3,3,1,3,1,3,1,3,1,3,1,1,1,3,1,2,3,1,2,1,3,3,2,1,1,0,1,0,1,1,0,0,0,1,0,0,0,0,1,1,0,0, ,3,3,3,3,1,1,3,3,3,1,2,1,1,1,3,3,1, ,1,3,3,3,1,2,0,1,3,1,3,3,1,3, ,2,1, ,0,0,0,0,0,1,0,0,0,0,0,0,0,0,0,2,2,0,0,0,0,0,0,0,0,1,0,0,0,0,0,0,0,0,1,0,0,0,0,0,0,0,0,0,0,0,0, , , ,1, ,7/23/2018 11:57:12,1,3,3,1,2,2,1,1,2,1,1,5,3,1,2,1,4,2,3,1,2,1,1,1,1,1
373729-373720-37612843,1,1,1,1,1,1,3,3,3,2,2,3,1,3,1,3,2,2,2,3,3,2,2,3,3,1,1,3,1,3,2,2,1,2,1,1,3,1,1,1,3,1,2,3,1,0,0,0,0,0,0,0,0,0,0,0,0,0,0,1,0,0, ,3,3,2,1,1,1,3,1,2,1,2,1,1,1,3,3,1, ,1,1,2,3,1,1,0,3,1,1,1,3,3,3, ,3,0, ,0,0,0,0,0,0,0,0,0,0,0,0,1,1, , ,2,0,0,0,0,0,0,0,0,1,0,0,0,0,0,0,0,0,0,0,0,0,0,0,0,0,0,0,0,0,0, , , ,1, ,7/23/2018 12:09:51,2,2,3,1,1,3,3,5,4,3,2,4,1,3,3,2,3,3,3,5,7,1,1,1,1,1
373729-373720-37614022,1,0,1,1,1,2,3,3,3,3,1,3,1,2,1,3,1,2,1,1,1,1,1,3,1,2,1,3,1,3,1,1,1,3,2,2,3,1,1,1,3,3,1,3,0,0,1,0,0,1,1,0,0,0,0,0,0,0,0,1,0,0, ,3,3,3,2,1,2,3,3,3,1,3,3,2,3,2,3,3, ,1,3,1,3,3,1,0,1,1,3,2,2,3,3, ,4,1, ,0,0,0,0,0,0,1,0,0,0,0,0,0,1, , ,0,1,0,0,0,0,0,0,0,1,0,1,0,0,0,0,0,0,0,0,0,0,0,0,0,0,0,0,0,0,0, , , ,1, ,7/23/2018 12:34:53,1,3,1,3,1,3,2,4,4,3,3,3,2,4,2,1,1,1,4,2,5,3,2,2,2,2
373729-373720-37613522,1,0,1,1,1,3,3,1,3,3,3,1,1,3,1,3,1,1,2,1,1,1,1,1,3,3,1,3,2,3,1,1,1,1,2,3,3,1,1,1,1,3,1,3,0,0,1,0,0,0,0,0,0,0,0,0,0,0,0,1,0,0, ,3,1,3,3,1,1,3,3,3,1,3,3,1,2,3,2,3, ,3,3,3,3,1,3,0,3,1,3,3,3,3,2, ,3,1, ,0,0,1,0,0,0,0,0,0,0,0,0,0,1, , ,1,0,0,0,0,0,0,0,0,1,0,0,0,0,0,0,0,0,1,0,0,0,0,0,0,0,0,0,0,0,0, , , ,1, ,7/23/2018 12:52:36,1,3,1,2,2,3,1,3,4,3,1,3,2,4,2,1,1,1,4,2,5,3,2,2,2,2
373729-373720-37615478,1,0,0,1,1,3,3,3,3,2,2,3,3,2,1,3,3,3,3,2,2,1,2,2,2,3,2,1,1,1,1,1,2,1,3,3,3,1,1,1,1,1,2,2,0,1,1,1,0,0,0,0,0,1,0,0,0,0,0,1,0,0, ,1,3,3,2,2,2,3,3,3,2,3,3,2,3,2,3,3, ,2,3,2,3,3,3,0,3,3,3,3,3,3,3, ,4,1, ,0,0,1,0,0,0,0,0,0,0,0,0,0,1, , ,1,0,0,0,0,0,0,0,0,1,0,0,0,0,0,0,0,0,0,0,0,0,0,0,0,0,0,0,0,0,0, , , ,0, ,7/23/2018 13:28:41,2,1,1,3,2,2,2,3,5,2,3,1,2,2,1,4,1,1,2,4,4,4,3,3,3,3
373729-373720-37616386,1,0,1,0,1,2,1,3,3,2,2,3,1,3,1,3,1,3,3,1,1,1,1,1,1,1,1,3,3,1,3,1,1,1,1,3,3,1,2,1,3,3,1,1,0,1,1,0,0,0,1,0,0,1,0,0,0,0,0,1,0,0, ,3,3,3,3,1,3,3,3,3,3,3,3,1,3,3,2,3, ,3,3,3,3,3,3,0,3,1,1,3,3,2,3, ,3,1, ,0,0,1,0,0,0,0,0,0,0,0,0,0,1, , ,2,10,0,0,0,0,0,0,0,0,0,0,0,0,0,0,0,0,0,0,0,0,0,0,0,1,0,0,0,0,0, , , ,1, ,7/23/2018 13:41:24,1,1,1,3,2,3,2,3,3,3,3,3,2,2,1,4,1,1,1,4,4,4,3,3,3,3
373729-373720-37617024,1,0,1,1,0,3,3,3,3,1,1,1,1,3,1,3,2,1,1,1,1,2,1,1,1,1,1,1,1,1,1,1,1,2,2,3,3,1,1,1,3,2,1,1,1,0,1,0,0,0,0,0,0,1,0,0,0,0,0,1,0,0, ,1,3,3,3,2,1,3,3,3,1,3,3,1,3,3,3,1, ,3,3,1,3,3,1,0,1,1,3,1,3,2,3, ,4,1, ,0,0,1,0,0,1,0,0,0,0,0,0,0,1, , ,0,0,0,0,0,0,0,0,0,1,0,0,0,0,0,0,0,0,0,0,0,0,0,0,0,0,0,0,0,0,0, , , ,0, ,7/23/2018 13:48:56,3,3,3,2,3,3,1,4,4,3,1,3,1,3,3,3,3,6,3,3,6,1,1,1,1,1
373729-373720-37617054,0,0,1,1,1,3,3,3,3,3,3,1,1,3,1,3,1,3,1,3,1,1,1,2,1,3,1,2,1,2,1,1,1,1,1,3,3,1,1,1,2,3,1,1,0,0,1,0,0,0,0,0,0,0,0,0,0,0,0,0,0,0, ,3,3,3,3,1,3,3,3,3,3,3,3,3,3,1,2,3, ,3,2,2,2,3,2,0,2,3,1,3,1,2,3, ,6,0, ,1, ,0,0,0,0,0,0,0,0,0,0,0,1, , ,1,0,0,0,0,0,0,0,0,1,0,0,0,0,0,0,0,0,0,0,0,0,0,0,0,0,0,0,0,0,0, , , ,1, ,7/23/2018 14:05:42,1,1,1,3,3,2,2,3,1,1,3,1,2,2,1,4,1,1,1,4,4,4,3,3,3,3
373729-373720-37618368,0,1,1,1,1,1,1,1,1,1,1,3,1,1,1,3,1,1,1,1,1,1,1,1,1,3,1,1,1,1,1,1,1,1,1,3,1,1,1,1,1,1,1,1,0,0,0,0,0,0,0,0,0,0,0,0,0,0,0,0,0,0, ,3,1,2,3,1,2,3,3,3,2,3,2,1,1,3,3,2, ,3,1,1,1,1,1,1, , , , , , , , ,4,0, ,1, ,0,0,0,0,0,0,0,0,0,0,0,0,1,1,1,0,0,0,0,0,0,0,0,1,0,0,0,0,0,0,0,0,0,0,0,0,0,0,0,0,0,0,0,0,0, , , ,1, ,7/23/2018 14:42:24,1,1,3,2,3, , , , , , , , , ,1,5, , ,1,1, , , , , , 
373729-373720-37619277,1,1,1,1,1,3,3,3,3,2,2,3,1,2,2,3,2,3,2,3,3,1,1,2,3,3,1,3,2,3,3,1,1,3,3,3,3,1,1,1,3,3,3,2,1,0,1,0,1,1,0,0,0,1,0,0,0,0,1,1,0,0, ,2,3,3,1,2,3,3,3,3,1,3,3,1,1,3,3,3, ,3,3,1,3,1,3,0,3,1,1,3,2,1,3, ,3,0, ,0,0,0,0,0,1,0,0,0,0,0,0,0,1, , ,3,0,0,0,0,0,0,0,0,1,0,0,0,0,0,0,0,0,1,0,0,0,0,0,0,0,0,0,0,0,0, , , ,1, ,7/23/2018 14:49:29,2,1,3,2,2,1,1,3,3,2,1,2,1,1,1,5,3,3,1,5,7,1,1,1,1,1
373729-373720-37617864,0,0,0,1,0,1,3,3,3,1,1,3,1,3,1,3,3,3,3,1,1,2,1,2,1,3,1,2,2,1,1,1,1,1,1,1,3,1,1,1,3,1,1,1,1,0,0,0,0,0,1,0,0,1,0,0,0,0,0,1,0,0, ,2,3,3,2,1,1,3,3,3,1,3,2,1,1,3,3,3, ,2,3,1,3,1,3,0,3,1,2,3,1,2,2, ,4,1, ,0,0,1,0,0,0,0,0,0,0,0,0,0,1, , ,2,10,0,0,0,0,0,0,0,0,0,0,0,0,0,0,0,0,0,0,0,0,0,1,0,0,0,0,0,0,0, , , ,1, ,7/23/2018 15:07:01,1,3,3,2,2,1,1,3,3,1,1,2,3,1,2,1,4,2,3,1,2,1,1,1,1,1
373729-373720-37620285,1,1,1,1,1,3,2,2,3,2,1,1,1,2,1,3,2,2,2,2,1,1,1,2,1,3,3,2,3,2,1,1,1,3,1,3,3,3,3,2,1,1,1,2,0,0,0,0,0,0,1,0,0,0,0,0,0,0,0,1,0,0, ,1,3,3,3,2,2,3,1,3,1,3,1,1,1,3,3,3, ,3,3,3,3,1,3,0,1,3,1,3,3,3,3, ,2,0, ,1, ,0,0,0,0,0,0,0,0,0,0,0,0,1,1,1,0,0,0,0,0,0,0,0,1,0,0,0,0,0,0,0,0,0,0,0,0,0,0,0,0,0,0,0,0,0, , , ,1, ,7/23/2018 15:11:16,3,2,3,1,2,2,1,2,2,2,2,2,1,5,3,3,3,6,3,5,6,1,1,1,1,1
373729-373720-37620495,1,0,0,0,0,3,3,3,1,2,1,1,1,3,1,3,2,2,1,2,1,2,1,3,1,1,1,1,1,1,1,1,1,3,1,1,1,1,1,1,3,1,1,3,0,0,0,0,0,0,1,0,0,0,0,0,0,0,0,1,0,0, ,2,3,3,3,1,1,1,1,3,1,1,1,1,1,1,1,1, ,3,1,1,3,3,2,0,2,3,3,2,3,3,3, ,8,2, ,2, ,0,0,0,0,0,0,0,0,0,0,0,2, , ,1,0,0,0,0,0,0,0,0,1,0,0,0,0,0,0,0,0,0,0,0,0,0,0,0,0,0,0,0,0,0, , , ,0, ,7/23/2018 15:37:32,3,2,2,1,3,2,3,5,4,3,2,4,1,5,3,3,2,4,2,3,1,5,4,4,4,1
373729-373720-37621834,0,0,1,1,1,3,3,1,1,1,1,1,1,3,1,3,1,1,1,1,1,1,1,3,1,1,1,1,1,2,1,1,1,3,1,1,3,3,1,1,1,1,1,1,0,0,0,0,0,0,0,0,0,0,0,0,0,0,0,0,0,0, ,1,2,2,2,1,1,3,1,3,1,3,2,1,2,3,3,3, ,3,3,2,3,1,2,0,3,3,2,3,2,3,1, ,5,1, ,0,1,0,0,0,0,1,0,0,0,0,0,0,1, , ,1,0,0,0,0,0,0,0,0,1,0,0,0,0,0,0,0,0,0,0,0,0,0,0,0,0,0,0,0,0,0, , , ,1, ,7/23/2018 15:54:25,3,2,3,1,2,2,1,2,1,2,2,2,1,5,3,3,3,6,3,5,6,1,1,1,1,1
373729-373720-37622172,1,1,1,1,0,2,1,3,3,1,1,1,1,1,1,3,2,3,3,1,1,1,1,1,1,3,1,3,2,1,1,1,1,1,1,1,3,1,1,1,3,1,3,2,1,0,1,0,1,0,0,0,0,1,0,0,0,0,1,1,0,0, ,3,3,3,3,1,3,3,3,2,3,2,3,2,2,3,2,3, ,3,3,1,3,1,2,0,3,3,3,3,3,3,3, ,3,0, ,0,0,1,0,0,0,0,0,0,0,0,0,0,0,1,1,2,0,0,0,0,0,0,0,0,1,0,0,1,1,0,0,0,0,0,0,0,0,0,0,0,0,0,0,0,0,0, , , ,1, ,7/23/2018 16:10:22,1,1,1,3,2,2,2,3,4,3,3,1,2,2,1,4,1,1,1,4,4,4,3,3,3,3
373729-373720-37622759,1,0,0,1,0,3,3,1,2,2,2,2,2,3,1,3,3,1,2,2,2,2,2,3,1,3,3,2,3,3,1,1,1,2,2,1,1,3,1,1,2,1,1,1,1,0,0,0,1,0,0,0,0,1,0,0,0,0,0,1,0,0, ,3,3,2,1,2,1,2,2,1,2,2,3,1,1,3,3,1, ,2,1,2,1,2,3,0,3,3,1,3,3,3,1, ,2,1, ,0,0,0,0,1,0,0,0,0,0,0,0,0,1, , ,1,0,0,0,0,0,0,0,0,1,0,0,0,0,0,0,0,0,0,0,0,0,0,0,0,0,0,0,0,0,0, , , ,1, ,7/23/2018 16:28:54,2,1,3,1,1,2,3,5,5,2,2,2,1,1,1,5,3,3,1,5,7,1,1,1,1,1
373729-373720-37623877,1,1,1,1,1,3,3,3,3,1,1,1,1,1,1,3,3,3,1,3,1,1,1,1,1,3,1,3,1,3,1,1,1,1,1,1,1,1,1,1,1,3,1,3,0,1,1,0,0,0,1,0,0,0,0,1,0,0,0,1,0,0, ,1,3,3,3,1,1,3,3,3,2,1,2,1,1,3,3,3, ,2,3,1,3,1,2,0,3,1,1,3,3,2,1, ,4,1, ,0,0,1,0,0,0,0,0,0,0,0,0,1,1, , ,2,1,0,0,0,0,0,0,0,1,0,0,0,1,0,0,0,0,0,0,0,0,0,0,0,0,0,0,0,0,0, , , ,0, ,7/23/2018 17:02:47,3,3,3,2,2,1,1,1,3,1,1,2,1,5,3,2,2,5,3,3,3,2,1,1,1,1
373729-373720-37624495,1,1,1,1,1,3,1,1,1,2,2,1,1,3,1,3,2,1,1,2,1,1,1,2,1,3,1,1,1,1,2,1,1,2,1,2,3,1,1,1,3,2,3,1,1,0,1,0,1,1,1,0,0,1,0,0,0,0,1,1,0,0, ,3,3,2,3,2,1,3,3,3,1,3,3,1,3,1,2,3, ,1,3,2,3,3,1,0,1,1,3,1,3,3,3, ,4,0, ,0,0,0,0,0,1,0,0,0,0,0,0,0,1, , ,3,0,0,0,0,0,0,0,0,1,0,0,0,0,0,0,0,0,0,0,0,0,0,0,0,0,0,0,0,0,0, , , ,0, ,7/23/2018 17:06:51,1,3,1,3,1,3,2,4,4,3,3,3,2,4,2,1,1,1,4,2,5,3,2,2,2,2
373729-373720-37626582,1,0,1,1,1,1,3,2,3,1,2,1,1,3,1,3,2,2,2,3,3,2,2,2,1,1,1,3,1,3,1,1,1,1,1,2,1,1,1,1,3,1,3,2,1,0,0,0,1,0,1,0,0,0,0,0,0,0,0,1,0,0, ,1,3,3,1,2,1,3,3,2,3,3,3,1,3,3,3,3, ,3,3,3,3,3,3,0,1,3,3,1,2,3,3, ,4,0, ,0,0,0,0,0,0,0,0,1,0,0,0,0,1, , ,3,0,0,0,0,0,0,0,0,1,0,0,0,0,0,0,0,0,0,0,0,0,0,0,0,0,0,0,0,0,0, , , ,0, ,7/23/2018 18:05:43,2,1,1,3,2,3,2,4,5,2,3,3,2,2,1,4,1,1,2,4,4,4,3,3,3,3
373729-373720-37628728,0,1,1,1,1,1,2,2,3,3,1,1,1,3,2,3,1,3,3,3,3,1,1,1,3,3,1,3,3,3,1,1,1,3,3,1,3,1,1,1,3,2,1,1,1,1,0,0,0,1,1,0,0,1,0,0,0,0,1,1,0,0, ,3,3,3,3,1,2,3,3,3,1,3,3,1,3,3,3,3, ,3,3,3,3,3,3,0,2,3,1,2,3,1,3, ,5,1, ,1, ,0,0,0,0,0,0,0,0,0,0,0,0,0,0,2,10,0,0,0,0,0,0,0,1,0,0,0,0,0,0,0,0,0,0,0,0,0,1,0,1,0,0,0,0,0, , , ,1, ,7/23/2018 19:01:34,1,3,1,2,2,2,2,3,2,1,1,3,2,4,2,1,1,1,4,2,5,3,2,2,2,2
373729-373720-37611771,1,1,1,1,1,3,3,3,3,3,2,2,2,1,1,3,3,3,3,3,2,1,2,1,1,3,1,2,1,2,1,1,1,1,2,1,1,1,1,1,1,1,1,3,0,0,0,0,0,1,0,0,0,0,0,0,0,0,1,1,0,0, ,2,3,2,3,2,1,3,3,3,1,2,2,1,1,3,3,3, ,3,3,3,3,2,1,0,3,1,3,3,3,2,2, ,5,0, ,0,1,0,0,0,0,0,0,1,0,0,0,0,1, , ,2,0,0,0,0,0,0,0,0,1,0,0,0,0,0,0,0,0,0,0,0,0,0,0,0,0,0,0,0,0,0, , , ,0, ,7/23/2018 20:45:53,3,3,3,2,2,3,1,2,4,3,1,2,1,3,3,2,3,6,3,3,6,1,1,1,1,1
373729-373720-37633425,1,1,1,1,1,2,3,1,2,1,1,2,1,3,1,3,3,1,2,1,1,1,1,2,1,3,3,1,1,1,1,1,1,2,1,3,1,1,1,1,3,1,1,1,0,0,0,0,0,0,0,0,0,0,0,0,0,0,1,0,0,0, ,1,3,1,1,3,1,3,2,3,1,2,2,1,1,3,3,2, ,3,3,1,3,1,1,0,1,3,1,3,3,1,1, ,3,3, ,0,0,0,0,0,0,0,0,0,1,0,0,0,0,1,1,1,0,0,0,0,0,0,0,0,1,0,0,0,0,0,0,0,0,0,0,0,0,0,0,0,0,0,0,0,0,0, , , ,0, ,7/23/2018 21:13:27,2,3,3,1,3,1,3,2,2,2,2,2,3,1,3,1,2,5,3,3,3,2,1,1,1,1
373729-373720-37628403,1,1,1,1,1,1,1,2,1,1,1,3,3,1,3,1,1,1,1,1,2,2,3,1,2,1,3,1,2,1,3,3,3,1,3,3,1,3,3,1,1,1,1,2,1,0,0,0,0,1,1,0,0,1,0,0,0,0,0,1,0,0, ,3,3,3,3,1,1,3,1,3,2,3,3,1,1,3,3,3, ,3,3,2,3,1,2,0,3,3,1,3,3,2,2, ,2,1, ,0,1,0,1,0,0,0,0,0,0,0,0,0,0,1,1,0,0,0,0,0,0,0,0,0,1,0,0,0,0,0,0,0,0,0,0,0,0,0,0,0,0,0,0,0,0,1, , , ,1, ,7/23/2018 21:22:48,1,3,3,2,2,2,1,3,1,1,1,2,3,1,2,1,4,2,3,1,2,1,1,1,1,1
373729-373720-37634464,1,0,1,1,1,3,3,1,1,1,1,3,3,3,2,3,1,1,1,2,1,1,2,1,3,3,1,1,1,3, ,1,1,1,2,3,3,1,3,1,3,3,1,3,0,1,1,1,0,0,1,0,0,0,0,0,0,0,0,1,0,0, ,2,3,3,3,1,1,3,3,1,1,2,3,1,2,3,3,2, ,3,3,3,2,3,2,0,2,1,3,3,3,3,3, ,5,0, ,0,0,1,0,0,0,0,0,0,0,0,0,0,1, , ,2,9,0,0,0,0,0,0,0,1,0,0,0,0,0,0,0,0,0,0,0,0,0,0,0,0,0,0,0,0,0, , , ,1, ,7/23/2018 21:36:25,3,3,3,2,2,3,1,4,4,3,1,3,1,3,3,2,3,6,3,3,6,1,1,1,1,1
373729-373720-37621728,1,1,1,1,1,1,1,1,3,1,1,3,2,3,1,3,2,2,3,2,2,3,2,2,1,3,2,3,3,2,2,1,1,3,1,1,2,1,1,1,3,1,1,3,0,0,0,0,0,1,1,0,0,0,0,0,0,0,0,1,0,0, ,1,3,3,1,1,1,1,3,1,1,3,1,1,1,3,3,3, ,3,3,3,1,3,1,0,1,1,1,3,3,1,3, ,3,0, ,0,0,0,0,1,0,0,0,0,0,0,0,0,1, , ,1,10,0,0,0,0,0,0,0,0,0,0,0,0,0,0,0,0,0,0,0,0,0,1,0,0,0,0,0,0,0, , , ,1, ,7/23/2018 22:03:44,2,3,3,2,3,3,1,2,2,2,1,2,3,3,3,1,4,6,3,3,6,1,1,1,1,1
373729-373720-37636768,1,1,1,1,1,2,3,3,3,2,2,1,1,2,1,3,1,3,3,2,2,1,1,3,2,3,1,3,3,3,2,1,1,3,1,3,2,1,1,1,3,3,2,2,1,0,1,0,1,1,0,0,0,0,0,0,0,0,1,1,1,0, ,3,3,3,3,2,1,3,2,3,1,2,2,1,1,3,3,3, ,3,3,3,3,1,3,0,1,1,2,3,3,3,3, ,3,3, ,0,0,0,0,0,1,0,0,0,0,0,0,0,1, , ,3,0,0,0,0,0,0,0,0,1,0,0,0,0,0,0,0,0,0,0,0,0,0,0,0,0,0,0,0,0,0, , , ,1, ,7/23/2018 23:01:24,1,3,3,2,2,3,1,3,4,3,1,3,3,3,2,1,4,2,3,1,2,1,1,1,1,1
373729-373720-37637191,1,0,1,1,1,1,1,3,1,3,3,1,3,1,3,1,1,3,3,3,3,3,3,3,3,1,3,1,1,2,3,3,3,3,3,1,2,3,3,1,3,3,1,1,0,0,1,0,0,0,0,0,0,0,0,0,0,0,0,0,0,0, ,3,3,3,3,3,1,3,3,3,1,3,3,1,1,3,3,1, ,1,1,1,3,3,3,0,3,1,1,3,3,3,2, ,1,2, ,0,0,1,0,0,0,0,0,0,0,0,0,0,1, , ,1,5,0,0,0,0,0,0,0,1,0,0,0,0,0,0,0,0,0,0,0,0,0,0,0,0,0,0,0,0,0, , , ,0, ,7/23/2018 23:13:35,1,3,3,2,1,1,1,1,3,1,1,2,3,1,2,1,4,2,3,1,2,1,1,1,1,1
373729-373720-37637411,1,0,0,1,0,3,3,2,3,1,2,3,3,3,1,3,1,1,1,1,1,3,2,2,3,1,1,1,1,1,1,1,3,3,1,1,1,3,1,1,3,3,1,3,0,1,1,0,0,0,0,0,0,0,0,0,0,0,1,0,0,0, ,1,3,2,1,1,1,3,3,3,1,2,3,1,1,2,3,3, ,3,3,2,3,3,3,0,3,1,1,3,3,3,1, ,4,1, ,0,0,1,0,0,0,0,0,0,0,0,0,0,1, , ,2,5,0,0,0,0,0,0,0,1,0,0,1,0,0,0,0,0,0,0,0,0,0,0,0,0,0,0,0,0,0, , , ,0, ,7/23/2018 23:49:23,2,3,3,2,2,1,1,2,5,2,1,2,3,1,3,1,2,5,3,1,3,2,1,1,1,1
373729-373720-37637514,1,0,1,1,1,2,1,3,3,3,3,3,1,3,1,3,1,3,3,2,2,1,1,2,3,3,1,3,1,1,1,1,1,1,3,3,2,3,3,1,3,3,1,2,0,1,1,1,0,0,1,0,0,0,0,0,0,0,0,1,0,0, ,1,3,3,3,1,1,3,3,3,2,2,3,3,3,2,3,3, ,3,3,3,3,1,3,0,3,1,1,1,3,2,1, ,2,2, ,0,0,1,0,0,0,0,0,0,0,0,0,0,1, , ,1,5,0,0,0,0,0,0,0,1,0,0,0,0,0,0,0,0,0,0,0,0,0,0,0,0,0,0,0,0,0, , , ,0, ,7/23/2018 23:51:44,3,3,1,3,2,1,2,3,3,1,3,1,1,5,3,2,2,5,2,2,1,6,5,5,4,1
373729-373720-37639061,1,0,1,1,1,1,3,3,3,2,1,3,1,3,1,3,2,3,3,3,2,2,2,3,1,1, ,3,3,3,3,1,1,1,1,1,3,2,2,1,3,3,2,3,1,1,1,1,0,0,0,0,0,1,0,0,0,0,1,1,0,0, ,3,3,3,2,2,2,3,3,3,3,3,2,1,2,3,3,1, ,3,3,2,3,1,2,0,3,2,2,3,3,3,3, ,4,1, ,0,0,1,0,0,0,0,0,0,0,0,0,0,1, , ,2,5,0,0,0,0,0,0,0,1,0,0,0,0,0,0,0,0,0,0,0,0,0,0,0,0,0,0,0,0,1, , , ,0, ,7/24/2018 2:33:33,1,1,3,2,2,2,1,3,4,3,1,3,3,1,1,5,4,3,1,1,7,1,1,1,1,1
373729-373720-37640039,1,1,1,1,0,1,2,2,1,1,1,2,1,2,1,1,2,1,1,1,1,2,1,2,1,1,1,1,1,1,1,2,1,2,1,3,3,1,3,1,3,1,1,1,0,0,1,0,0,1,1,0,0,0,0,0,0,0,0,1,0,0, ,1,1,3,2,2,1,3,2,3,1,2,2,1,3,2,1,1, ,1,1,2,2,3,1,0,1,1,1,1,2,2,1, ,3,0, ,0,0,0,0,0,1,0,0,0,0,0,0,0,1, , ,3,1,0,0,0,0,0,0,0,0,0,0,0,0,0,0,0,0,1,0,0,0,0,0,0,0,0,0,0,0,0, , , ,1, ,7/24/2018 4:50:10,3,3,2,1,1,1,3,2,3,1,1,5,1,5,3,2,2,5,3,5,3,6,5,5,4,1
373729-373720-37640981,1,0,1,1,1,1,2,3,2,1,1,1,1,1,1,2,1,1,1,1,1,1,1,1,1,2,1,2,1,2,1,1,1,2,2,1,3,3,3,1,3,3,3,3,1,0,1,0,1,1,0,0,0,1,0,1,0,0,1,1,0,0, ,3,2,3,3,1,1,3,1,3,1,2,3,1,1,3,3,2, ,3,3,2,3,1,2,0,3,3,1,3,2,1,1, ,4,1, ,0,0,1,0,0,0,0,0,0,0,0,0,0,1, , ,0,11,0,0,0,0,0,0,0,1,0,0,0,0,0,0,0,0,0,0,0,0,0,0,0,0,0,0,0,0,0, , , ,1, ,7/24/2018 6:14:37,1,2,3,1,2,1,1,1,1,1,2,5,3,1,2,5,4,2,3,1,2,1,1,1,1,1
373729-373720-37644398,1,0,0,1,1,3,3,2,1,1,1,3,3,3,1,3,3,1,1,1,1,1,1,1,1,3,1,1,1,1,1,1,1,1,1,1,1,1,3,1,3,3,1,3,0,1,1,0,0,0,0,0,0,0,0,0,0,0,0,1,0,0, ,1,3,3,3,1,1,3,3,1,1,3,3,1,1,3,3,1, ,3,3,3,3,1,3,0,3,3,1,3,1,2,1, ,3,1, ,0,0,1,0,0,0,0,0,0,0,0,0,0,1, , ,2,0,0,0,0,0,0,0,0,1,0,0,0,0,0,0,0,0,0,0,0,0,0,0,0,0,0,0,0,0,0, , , ,0, ,7/24/2018 8:29:39,3,3,3,2,2,1,1,1,1,1,2,2,1,5,3,2,2,5,3,3,3,2,1,1,1,1
373729-373720-37645013,1,1,0,1,0,3,3,3,2,3,3,3,1,3,1,3,2,2,2,2,2,1,1,1,2,3,1,1,1,3,1,1,1,2,1,1,3,1,1,1,2,1,3,1,1,0,0,0,0,1,0,0,0,1,0,0,0,0,1,0,0,0, ,1,2,3,3,2,1,1,1,2,2,1,2,2,1,3,3,2, ,3,3,2,2,3,2,0,1,3,1,3,2,2,3, ,4,0, ,1, ,0,0,0,0,0,0,0,0,0,0,0,0,1,2,2,0,0,0,0,0,0,0,0,1,0,0,0,0,0,0,0,0,0,0,0,0,0,0,0,0,0,0,0,0,0, , , ,0, ,7/24/2018 8:50:25,3,2,3,1,3,2,3,2,2,2,2,4,1,5,3,3,3,6,3,3,6,1,1,1,1,1
373729-373720-37623992,1,1,1,1,1,3,3,2,2,1,3,3,1,3,1,3,2,3,3,3,3,1,1,1,2,3,1,3,1,1,1,1,1,1,1,3,3,1,2,1,3,3,3,3,1,0,1,0,0,0,0,1,0,0,0,1,0,0,0,1,0,0, ,3,3,3,1,1,1,3,3,3,3,2,3,1,2,3,2,3, ,1,1,3,3,1,1,0,1,1,3,3,3,3,3, ,2,1, ,0,0,1,0,1,0,0,0,0,0,0,0,0,1, , ,2,0,0,0,0,0,0,0,0,1,0,0,0,0,0,0,0,0,1,0,0,0,0,0,0,0,0,0,0,0,0, , , ,1, ,7/24/2018 9:02:54,1,1,1,2,1,3,1,4,4,3,3,3,2,2,1,4,1,1,1,4,4,4,3,3,3,3
373729-373720-37649950,1,1,1,1,1,2,3,2,2,1,1,1,1,2,1,3,2,2,2,1,1,1,1,1,1,3,2,2,2,1,1,1,1,1,1,3,3,1,2,1,3,1,2,1,0,0,1,0,0,0,0,0,0,0,0,0,0,0,0,1,0,0, ,1,3,3,1,3,1,3,3,3,1,3,3,1,1,3,3,3, ,3,3,1,3,3,1,0,1,1,1,3,3,2,3, ,4,0, ,0,1,0,0,0,0,1,0,0,0,0,0,1,1, , ,1,0,0,0,0,0,0,0,0,1,0,0,0,0,0,0,0,0,0,0,0,0,0,0,0,0,0,0,0,0,0, , , ,1, ,7/24/2018 10:45:10,2,3,3,2,3,3,1,2,2,2,1,2,3,3,3,1,4,6,3,3,6,1,1,1,1,1
373729-373720-37650501,1,1,1,1,0,1,2,3,3,1,1,3,3,3,1,3,1,3,3,2,2,3,1,3,1,3,1,3,2,3,3,1,2,3,3,1,1,2,3,1,3,3,3,3,0,1,1,0,0,0,0,0,0,0,0,0,0,0,0,1,1,0, ,1,3,3,1,2,3,3,3,2,1,3,3,1,1,3,3,2, ,3,2,3,2,1,1,1, , , , , , , , ,1,0, ,0,0,1,0,0,0,0,0,0,0,0,0,0,0,0,2,1,1,0,0,0,0,0,0,0,1,0,0,0,0,0,0,0,0,0,0,0,0,0,0,1,0,0,0,0,0,0, , , ,1, ,7/24/2018 11:08:19,2,1,3,2,2, , , , , , , , , ,1,5, , ,1,5, , , , , , 
373729-373720-37656400,1,0,1,1,1,2,3,1,3,3,1,3,1,3,1,3,3,2,3,2,1,1,1,3,1,1,3,3,1,3,1,1,1,3,1,1,3,1,3,3,3,3,1,3,0,0,1,0,0,0,0,0,0,0,0,1,0,0,0,1,0,0, ,1,3,2,3,1,1,3,3,1,2,3,3,2,3,1,2,3, ,3,3,2,3,1,3,0,3,3,2,3,3,2,1, ,1,1, ,0,0,1,0,0,0,0,0,0,0,0,0,0,0,0,1,0,5,0,0,0,0,0,0,0,1,0,0,0,0,0,0,0,0,0,0,0,0,0,0,0,0,0,0,0,0,0, , , ,1, ,7/24/2018 13:08:37,3,1,1,3,2,2,2,3,1,1,3,1,2,2,1,4,1,4,2,6,1,7,6,4,4,1
373729-373720-37657044,1,1,1,1,0,3,3,3,3,1,1,2,3,3,1,3,3,3,3,1,1,2,3,3,1,3,3,3,3,1,1,2,2,2,1,1,3,1,1,1,1,3,1,1,0,0,1,0,0,1,0,0,0,0,0,0,0,0,1,1,0,0, ,1,3,3,3,2,3,3,3,3,1,3,3,3,1,3,3,1, ,1,1,1,1,1,1,0,3,3,1,3,3,3,1, ,1,0, ,0,0,1,0,0,0,0,0,0,0,0,0,0,0,0,2,1,5,0,1,0,0,0,0,0,1,0,0,0,0,0,0,0,0,0,0,0,0,0,0,0,0,0,0,0,0,0, , , ,0, ,7/24/2018 13:21:28,3,1,3,2,1,2,3,1,1,1,2,2,1,5,3,2,3,3,2,5,7,1,1,1,1,1
373729-373720-37659595,1,0,1,1,1,3,1,2,1,2,1,2,3,3,3,1,1,1,1,2,3,3,3,3,1,1, , , ,3,3,3,1,3,1,1,3,1,1,1,3,3,2,3,0,0,1,0,0,0,0,0,0,0,0,0,0,0,0,1,0,0, ,3,3,3,3,1,1,3,3,3,1,1,2,1,1,3,3,1, ,3,3,2,2,3,1,0,3,3,3,3,3,3,3, ,3,2, ,0,0,1,0,0,0,0,0,0,0,0,0,0,1, , ,1,5,0,0,0,0,0,0,0,1,0,0,0,0,0,0,1,0,0,0,0,0,0,0,0,0,0,0,0,0,0, , , ,0, ,7/24/2018 14:38:42,1,3,3,1,3,2,1,5,4,3,1,4,3,3,2,1,4,2,3,1,2,1,1,1,1,1
373729-373720-37661321,1,0,1,1,1,1,3,1,1,1,1,3,3,3,1,3,1,1,1,1,1,2,2,2,2,1,1,2,1,1,1,1,1,3,1,3,3,1,1,1,3,3,1,3,0,1,1,1,0,0,0,0,0,0,0,0,0,0,0,0,0,0, ,1,3,3,3,1,1,3,1,2,1,1,1,1,1,3,3,1, ,1,1,1,3,3,1,0,3,3,3,3,3,3,2, ,4,0, ,0,0,1,0,0,0,0,0,0,0,0,0,0,1, , ,0,5,0,0,0,0,0,0,0,1,0,0,0,0,0,0,0,0,0,0,0,0,0,0,0,0,0,0,0,0,0, , , ,0, ,7/24/2018 14:59:14,3,2,3,1,1,2,3,5,5,2,2,4,1,5,3,2,3,3,3,5,7,1,1,1,1,1
373729-373720-37662952,1,0,1,1,0,1,3,1,3,1,1,3,3,3,1,3,1,3,1,3,1,1,1,3,2,3, ,3,3,3,3, , ,3,2,1,1,1,1,1,1,3,1,3,0,1,1,0,0,0,0,0,0,0,0,1,0,0,0,0,0,0, ,2,3,3,1,1,2,2,1,3,1,1,1,1,1,3,3,2, ,1,3,1,1,2,1,0,3,3,3,1,3,2,3, ,4,0, ,0,0,1,0,0,0,0,0,0,0,0,0,0,1, , ,1,5,0,0,0,0,0,0,0,1,0,0,1,0,0,0,0,0,0,0,0,0,0,0,0,0,0,0,0,0,0, , , ,0, ,7/24/2018 15:39:56,2,2,3,1,1,2,3,5,5,2,2,4,1,1,3,2,3,3,3,5,7,1,1,1,1,1
373729-373720-37655229,1,0,1,1,0,3,3,1,2,1,1,1,2,1,3,3,2,2,2,1,1,1,2,1,3,3,1,3,2,1,1,1,1,1,3,1,3,2,1,1,3,3,1,3,0,1,1,1,0,0,0,0,0,0,0,1,0,0,0,0,0,0, ,3,3,3,3,1,1,3,1,3,1,2,2,1,1,3,3,1, ,3,3,3,3,3,3,0,3,3,1,3,3,3,2, ,8,1, ,0,0,1,0,0,0,0,0,0,0,0,0,0,1, , ,4,5,0,0,0,0,0,0,0,1,0,0,0,0,0,0,0,0,0,0,0,0,0,0,0,0,0,0,0,0,0, , , ,1, ,7/24/2018 15:49:46,1,2,3,1,2,2,1,1,1,1,2,4,3,1,2,5,4,2,3,1,2,1,1,1,1,1
373729-373720-37663380,0,0,1,1,1,2,3,1,2,1,1,3,1,1,1,3,2,2,1,2,1,3,1,2,1,1,1,3,1,3,1,1,1,1,1,3,3,1,3,1,3,3,2,3,0,0,1,0,0,0,1,0,0,0,0,0,0,0,0,1,1,0, ,3,3,3,1,1,3,3,3,1,3,3,3,3,3,1,1,3, ,3,3,3,3,2,1,0,1,2,3,1,3,3,3, ,3,1, ,0,0,0,0,0,0,1,0,0,0,0,0,0,1, , ,2, ,0,0,0,0,0,0,0,1,0,0,1,0,0,0,0,0,0,0,0,0,0,0,0,0,0,0,0,0,0, , , ,1, ,7/24/2018 15:52:41,1,1,1,3,2,3,2,4,4,3,3,3,2,2,1,4,1,1,1,4,4,4,3,3,3,3
373729-373720-37665854,0,1,1,1,1,2,3,3,3,1,1,2,1,3,3,3,2,2,2,2,2,3,1,3,3,2,2,3,1,3,2,3,1,3,3,3,1,1,1,1,3,1,1,1,1,0,0,0,0,0,1,0,0,1,0,0,0,0,0,1,0,0, ,1,2,3,1,1,1,3,2,1,1,2,3,1,1,3,3,3, ,3,3,3,3,2,1,0,1,3,2,2,2,2,2, ,6,0, ,2, ,0,0,0,0,0,0,0,0,0,0,0,1, , ,2,0,0,0,0,0,0,0,0,1,0,0,1,0,0,0,0,0,0,0,0,0,0,0,0,0,0,0,0,0,0, , , ,0, ,7/24/2018 17:10:55,2,3,3,2,2,2,1,2,2,2,2,2,3,3,3,1,4,2,3,1,2,1,1,1,1,1
373729-373720-37668349,1,1,1,1,1,2,3,3,3,1,1,3,1,3,3,3,1,2,3,1,1,3,1,1,3,1,1,3,1,1,1,1,1,1,1,3,1,1,1,2,3,1,1,1,0,0,0,0,0,0,1,0,0,0,0,0,0,0,1,1,0,0, ,3,3,3,3,1,2,3,3,3,1,3,3,1,1,3,3,1, ,3,3,3,1,1,3,0,3,1,1,3,3,2,1, ,3,0, ,0,1,0,0,1,0,0,0,0,0,0,0,0,0,1,2,4,0,0,0,0,0,0,0,0,1,0,0,0,0,0,0,0,0,0,0,0,0,0,0,0,0,0,0,0,0,0, , , ,1, ,7/24/2018 18:10:16,1,3,3,2,2,1,1,1,3,1,1,5,3,1,2,1,4,2,3,1,2,1,1,1,1,1
373729-373720-37673874,1,1,1,1,1,3,3,3,3,2,3,2,1,3,1,3,1,3,1,3,1,2,1,2,2,3,3,2,1,1,1,1,1,3,1,3,3,3,3,1,3,2,2,1,1,0,1,0,0,1,1,0,0,1,0,1,0,0,1,1,0,0, ,3,3,3,3,2,1,3,3,3,1,3,3,1,3,1,1,3, ,2,3,3,3,1,3,0,1,1,1,3,3,2,3, ,2,1, ,0,0,0,0,0,1,0,0,1,0,0,0,0,1, , ,2,10,0,0,0,0,0,0,0,1,0,0,0,0,0,0,0,0,0,0,0,0,0,1,0,0,0,0,0,0,0, , , ,1, ,7/24/2018 21:04:29,1,3,1,3,2,3,2,4,4,3,3,3,2,4,2,1,1,1,4,2,5,3,2,2,2,2
373729-373720-37675437,1,1,1,1,1,3,1,1,1,1,1,1,1,2,1,3,1,1,1,1,1,1,1,1,1,3,1,1,1,1,1,1,1,1,1,3,1,1,3,1,3,1,1,2,1,0,0,0,0,0,0,0,0,0,0,0,0,0,0,1,0,0, ,3,1,3,3,3,1,3,3,3,1,3,3,1,1,1,3,1, ,3,2,2,3,3,1,0,1,1,1,3,3,2,3, ,2,0, ,0,0,0,0,0,0,0,0,1,0,0,0,0,0,0,2,2,0,0,0,0,0,0,0,0,1,0,0,0,0,1,0,0,0,0,0,0,0,0,0,0,0,0,0,0,0,0, , , ,1, ,7/25/2018 6:50:47,1,3,2,2,3,3,1,2,3,3,1,5,3,4,2,1,4,2,4,1,5,3,2,2,2,2
373729-373720-37682280,1,0,0,1,0,3,1,1,2,2,2,3,1,3,1,3,2,1,2,2,2,2,1,2,2,3,2,2,2,2,2,2,1,3,2,2,1,1,1,1,2,1,1,1,0,0,0,0,0,0,1,0,0,0,0,0,0,0,0,1,0,0, ,1,3,3,1,2,2,2,1,1,1,2,2,1,1,3,3,1, ,1,1,1,1,3,1,0,3,3,1,1,3,3,3, ,3,0, ,0,0,0,0,0,0,0,0,0,1,0,0,0,1, , ,1,1,0,0,0,0,0,0,0,1,0,0,0,0,0,0,0,0,0,0,0,0,0,0,0,0,0,0,0,0,0, , , ,0, ,7/25/2018 9:06:37,2,2,3,1,1,2,3,5,5,2,2,4,1,1,3,2,3,3,3,5,7,1,1,1,1,1
373729-373720-37700534,1,1,1,1,1,3,3,1,3,1,1,1,1,1,1,3,3,1,3,1,1,1,1,1,2,1,1,3,3,3,1,1,1,1,1,3,2,1,3,1,3,1,2,1,1,0,0,0,1,1,1,0,0,0,0,0,0,0,1,1,0,0, ,3,3,2,1,2,1,3,3,2,1,2,3,1,1,3,3,1, ,3,3,3,3,1,1,0,1,1,3,1,3,3,3, ,2,0, ,0,0,0,0,0,1,0,0,0,0,0,0,0,1, , ,3,0,0,0,0,0,0,0,0,1,0,0,0,0,0,0,0,0,0,0,0,0,0,0,0,0,0,0,0,0,0, , , ,1, ,7/25/2018 15:15:14,2,3,3,2,2,3,1,4,4,3,1,3,3,3,3,1,4,6,3,1,6,1,1,1,1,1
373729-373720-37699207,1,0,1,1,1,2,3,2,3,1,1,1,1,2,1,3,2,3,3,2,2,1,1,1,2,3,1,3,1,2,2,1,1,1,2,1,3,1,1,1,3,3,1,2,0,1,1,0,0,0,0,0,0,0,0,0,0,0,1,0,0,0, ,3,3,3,3,1,2,3,3,3,3,3,3,2,3,1,3,3, ,1,3,3,3,1,3,0,1,1,3,1,3,3,3, ,2,1, ,0,0,1,0,0,0,0,0,0,0,0,0,0,1, , ,1,5,0,0,0,0,0,0,0,1,0,0,0,0,0,0,0,0,0,0,0,0,0,0,0,0,0,0,0,0,0, , , ,1, ,7/25/2018 15:24:47,1,1,1,3,2,3,2,4,4,3,3,3,2,2,1,4,1,1,1,4,4,4,3,3,3,3
373729-373720-37701274,1,0,0,0,0,3,1,1,1,1,1,3,3,3,1,3,2,1,1,1,1,3,3,3,1,3,3,2,2,2,2,2,2,1,1,1,1,1,1,1,3,3,1,1,1,1,1,0,0,0,0,0,0,1,0,1,0,0,1,0,0,0, ,3,3,3,3,2,1,2,3,2,2,3,3,2,3,3,3,3, ,3,3,3,3,3,3,0,3,3,3,3,3,2,3, ,4,1, ,0,0,1,0,0,0,0,0,0,0,0,0,0,1, , ,1,11,0,0,0,0,0,0,0,1,0,0,0,0,0,0,0,0,0,0,0,0,0,0,0,0,0,0,0,0,0, , , ,1, ,7/25/2018 15:35:02,1,1,1,3,2,2,2,3,4,3,3,1,2,2,1,4,1,1,1,4,4,4,3,3,3,3
373729-373720-37719722,1,1,1,1,1,2,3,1,3,1,1,1,1,2,2,3,2,1,1,1,1,1,1,1,3,2,1,3,1,3,1,1,1,1,1,3,2,1,1,1,3,3,1,1,1,0,1,0,0,1,0,1,0,1,0,1,0,0,1,1,1,0, ,3,3,3,1,1,1,3,3,3,1,3,3,1,1,3,3,3, ,3,2,2,3,1,3,0,3,1,2,3,3,3,3, ,2,0, ,0,0,0,0,0,0,0,0,1,0,0,0,0,0,1,1,0,0,0,0,0,0,0,0,0,1,0,0,0,0,0,0,0,0,0,0,0,0,0,0,0,0,0,0,0,0,0, , , ,1, ,7/25/2018 23:12:31,1,3,3,2,2,3,1,3,4,3,1,2,3,3,2,1,4,2,3,1,2,1,1,1,1,1
373729-373720-37745230,1,0,1,1,0,3,3,1,1,1,1,3,3,3,2,3,2,1,1,1,1,2,3,3,2,3,3,2,2,1,2,1,1,2,3,2,3,1,1,1,2,2,1,1,0,1,0,0,0,0,0,0,0,0,0,0,0,0,0,1,0,0, ,3,3,2,1,2,2,3,3,3,3,3,3,2,3,1,2,2, ,1,3,1,1,3,2,0,3,3,2,1,3,3,1, ,4,1, ,0,0,1,0,0,0,0,0,0,0,0,0,0,1, , ,2,0,0,0,0,0,0,0,0,1,0,0,0,0,0,0,0,0,0,0,0,0,0,0,0,0,0,0,0,0,0, , , ,1, ,7/26/2018 15:23:50,2,1,2,3,1,2,2,4,5,2,3,1,2,2,1,5,3,3,1,5,7,1,1,1,1,1
373729-373720-37781153,1,0,0,0,0,3,3,3,3,2,3,3,3,3,2,3,1,2,2,3,3,3,2,3,2,3,1,1,1,2,2,2,2,3,2,1,1,1,1,1,3,2,1,3,0,1,1,1,0,0,0,0,0,0,1,0,0,0,0,0,0,0, ,3,3,3,3,1,1,3,3,3,1,3,2,1,1,3,3,3, ,3,3,3,3,2,2,0,3,3,3,1,2,2,3, ,5,1, ,0,0,1,0,0,0,0,0,0,0,0,0,0,1, , ,1,0,0,0,0,0,0,0,0,1,0,0,0,0,0,0,0,0,0,0,0,0,0,0,0,0,0,0,0,0,0, , , ,1, ,7/27/2018 16:29:36,1,3,3,2,2,2,1,3,4,3,1,3,3,1,2,1,4,2,3,1,2,1,1,1,1,1
373729-373720-37785767,1,0,0,1,1,3,3,2,1,1,1,3,1,2,1,3,3,2,2,1,1,3,1,2,1,3,2,2,2,1,1,1,1,1,1,3,1,1,1,1,1,1,1,1,0,0,0,0,0,0,1,0,0,0,0,0,0,0,0,1,0,0, ,1,2,2,1,3,2,3,2,1,1,3,2,1,1,3,3,1, ,2,1,1,1,2,1,0,3,2,1,3,2,2,3, ,3,0, ,0,0,0,0,0,0,0,0,0,1,0,0,0,1, , ,3,1,0,0,0,0,0,0,0,1,0,0,0,0,0,0,0,0,0,0,0,0,0,0,0,0,0,0,0,1,0, , , ,0, ,7/27/2018 19:04:33,2,1,3,1,1,2,3,5,5,2,2,2,1,1,1,5,3,3,1,5,7,1,1,1,1,1
373729-373720-37789890,1,0,0,0,0,3,1,1,1,2,1,1,1,3,3,3,1,1,1,1,1,1,1,3,1,2,1,1,1,1,1,1, , , ,1,2,1,1,1,2,1,1,2,1,0,0,0,0,0,1,0,0,1,0,0,0,0,0,1,0,0, ,1,3,3,3,2,1,3,1,1,3,3,3,2,3,3,3,3, ,3,3,3,1,3,1,0,3,3,3,3,1,1,1, ,6,0, ,1, ,0,0,0,0,0,0,0,0,0,0,0,1, , ,0,0,0,0,0,0,0,0,0,1,0,0,0,0,0,0,0,0,0,0,0,0,0,0,0,0,0,0,0,0,0, , , ,1, ,7/27/2018 21:28:40,3,1,1,3,3,1,2,2,1,1,3,1,2,2,1,4,2,4,2,6,1,5,4,4,4,1
373729-373720-37790578,1,1,1,1,1,3,3,1,3,1,1,3,2,3,2,3,1,1,1,1,1,1,1,1,3,2,1,1,1,1,1,1,1,1,3,1,3,1,2,1,1,1,2,3,1,0,0,0,0,1,1,0,0,1,0,0,0,0,0,1,0,0, ,3,3,3,3,1,1,3,3,3,2,3,3,1,1,3,3,3, ,3,2,2,3,1,3,0,1,2,3,1,3,2,2, ,3,3, ,1, ,0,0,0,0,0,0,0,0,0,0,0,1, , ,0,0,0,0,0,0,0,0,0,1,0,0,0,0,0,0,0,0,0,0,0,0,0,0,0,0,0,0,0,0,0, , , ,1, ,7/27/2018 21:38:50,1,3,3,2,2,3,1,4,4,3,1,3,3,3,2,1,4,2,3,1,2,1,1,1,1,1
373729-373720-37826258,0,1,1,1,1,1,3,2,3,1,1,3,1,3,1,3,3,1,3,1,1,2,1,1,1,2,2,3,3,2,2,1,1,3,1,2,3,1,3,3,3,1,1,1,0,0,0,0,0,1,1,0,0,1,0,0,0,0,0,1,0,0, ,3,3,3,3,1,1,3,3,3,3,3,3,3,3,3,3,3, ,3,3,3,3,1,1,0,1,1,1,3,3,3,3, ,0,0, ,0,1,0,0,0,0,0,0,0,0,0,0,1,0,0,0,0,0,0,0,0,0,0,0,0,1,0,0,0,0,0,0,0,0,0,0,0,0,0,0,0,0,0,0,0,0,0, , , ,0, ,7/29/2018 8:28:26,1,1,1,3,2,3,2,4,4,3,3,3,2,2,1,4,1,1,1,4,4,4,3,3,3,3
373729-373720-37857437,1,0,1,1,1,1,3,2,3,2,2,3,3,3,3,3,2,1,3,3,2,2,2,2,3,3,1,3,2,3,2,2,1,1,1,3,3,3,2,1,3,1,2,3,1,0,0,0,0,1,1,0,0,1,0,0,0,0,0,1,0,0, ,3,3,3,3,1,1,3,3,3,1,3,3,1,1,3,3,3, ,3,3,3,3,1,3,0,1,1,3,3,3,2,3, ,4,1, ,0,0,1,0,0,0,0,0,0,0,0,0,0,1, , ,1,0,0,0,0,0,0,0,0,1,0,0,0,0,0,0,0,0,0,0,0,0,0,0,0,0,0,0,0,0,0, , , ,1, ,7/30/2018 10:17:25,1,3,3,2,2,3,1,4,4,3,1,3,3,3,2,1,4,2,3,1,2,1,1,1,1,1
373729-373720-37875746,1,0,1,1,1,3,3,3,2,1,1,1,1,2,1,3,3,3,2,2,1,1,1,2,1,3,3,3,3,3,3,1,1,3,1,3,3,1,3,1,3,1,1,1,0,0,0,0,0,0,0,0,0,0,0,0,0,0,1,1,0,0, ,2,3,2,3,2,3,3,3,3,1,3,2,3,3,3,2,3, ,1,1,1,1,1,1,0,3,3,1,3,3,3,3, ,2,0, ,0,0,0,1,0,0,0,0,0,0,0,0,0,1, , ,0,0,0,0,0,0,0,0,0,1,0,0,0,0,0,0,0,0,0,0,0,0,0,0,0,0,0,0,0,0,0, , , ,0, ,7/30/2018 18:43:36,3,1,1,3,1,2,3,1,5,2,3,1,2,2,1,4,1,4,2,6,1,7,6,4,4,1
373729-373720-37875518,1,0,0,1,0,3,3,2,3,2,1,3,3,2,2,3,3,3,3,2,2,3,3,2,3,3,3,3,3,1,1,2,2,2,2,1,2,1,3,1,3,1,1,1,0,0,0,0,0,1,0,0,0,0,0,0,0,0,0,1,0,0, ,2,3,3,2,2,3,3,3,2,2,3,1,3,1,3,2,3, ,3,3,3,3,2,3,0,3,3,2,3,3,2,3, ,2,1, ,0,0,0,0,1,0,0,0,0,0,0,0,0,1, , ,0,0,0,0,0,0,0,0,0,1,0,0,0,0,0,0,0,0,0,0,0,0,0,0,0,0,0,0,0,0,0, , , ,0, ,7/30/2018 18:46:06,2,1,3,3,2,2,2,3,5,2,3,1,1,1,1,5,3,3,1,5,7,1,1,1,1,1
373729-373720-37878098,1,1,1,1,1,3,3,3,3,3,2,2,2,2,1,3,2,2,2,2,2,1,1,1,1,3,1,1,1,1,1,1,1,1,1,1,1,1,1,1,3,1,2,1,0,0,0,0,0,0,1,0,0,0,0,0,0,0,1,1,0,0, ,2,3,1,3,2,1,2,2,3,1,1,1,1,1,3,3,1, ,1,1,1,1,2,1,0,2,1,3,3,3,2,2, ,5,0, ,0,0,0,0,0,0,0,0,1,0,0,0,0,1, , ,2,0,0,0,0,0,0,0,0,1,0,0,0,0,0,0,0,0,0,0,0,0,0,0,0,0,0,0,0,0,0, , , ,1, ,7/30/2018 19:24:11,3,2,3,1,1,3,3,5,4,3,2,4,1,5,3,2,3,6,3,5,6,1,1,1,1,1
373729-373720-37889392,0,0,0,0,1,2,1,1,1,1,1,3,1,3,1,2,2,1,1,1,1,3,1,3,1,2,2,1,1,1,1,3,1,3,1,3,1,1,1,1,1,1,1,1,1,0,0,0,0,0,1,0,0,0,0,0,0,0,0,1,0,0, ,1,3,1,1,1,1,1,1,3,3,1,1,1,1,3,3,1, ,1,2,1,1,3,1,0,3,3,1,3,1,3,1, ,3,1, ,0,0,0,0,0,0,0,0,1,0,0,0,0,1, , ,3,0,0,0,0,0,0,0,0,1,0,0,0,0,0,0,0,0,0,0,0,0,0,0,0,0,0,0,0,0,1, , , ,0, ,7/31/2018 6:13:13,2,2,3,1,1,1,3,5,1,2,2,4,1,1,3,2,3,3,3,5,7,1,1,1,1,1
373729-373720-37889805,1,0,1,1,1,3,2,1,2,2,1,3,1,3,2,3,2,1,1,1,1,3,1,3,3,3,1,2,2,1,1,1,1,2,2,3,3,1,3,1,3,1,3,3,1,0,0,0,1,0,0,0,0,1,0,0,0,0,0,1,0,0, ,3,3,3,3,1,1,3,3,3,1,2,1,1,1,3,3,1, ,3,3,2,2,1,1,0,3,3,2,3,3,3,1, ,2,1, ,0,0,1,0,0,0,0,0,0,0,0,0,0,1, , ,1,0,0,0,0,0,0,0,0,1,0,0,0,0,0,0,0,0,0,0,0,0,0,0,0,0,0,0,0,0,0, , , ,0, ,7/31/2018 6:35:18,1,3,3,1,3,2,1,1,1,1,2,4,3,3,2,1,4,2,3,1,2,1,1,1,1,1
373729-373720-37889894,1,1,1,1,1,3,3,1,1,1,2,3,2,3,2,3,1,1,1,1,2,1,1,2,3,3,1,1,1,3,3,1,1,3,3,1,3,1,1,1,2,1,1,3,1,0,0,0,0,0,0,0,0,0,0,0,0,0,1,0,0,0, ,2,3,2,3,2,2,2,3,3,2,3,2,2,1,3,3,3, ,1,1,1,1,3,1,0,3,3,2,3,1,1,1, ,4,0, ,0,0,0,1,0,0,0,0,0,0,0,0,0,0,1,1,0,0,0,0,0,0,0,0,0,1,0,0,0,0,0,0,0,0,0,0,0,0,0,0,0,0,0,0,0,0,0, , , ,0, ,7/31/2018 6:46:35,3,1,3,2,1,1,3,1,1,1,2,1,1,5,3,2,3,3,2,5,7,1,1,1,1,1
373729-373720-37890626,1,0,1,1,0,3,1,1,1,3,1,1,1,1,2,3,1,1,1,3,1,1,1,1,2,3,1,1,1,3,1,1,1,1,1,1,2,1,1,1,2,1,1,3,1,0,0,0,0,0,0,0,0,1,0,0,0,0,1,0,0,0, ,3,2,3,2,1,1,3,2,3,1,2,2,1,1,3,3,1, ,1,2,2,2,3,1,1, , , , , , , , ,5,0, ,0,0,0,1,0,0,0,0,0,0,0,0,0,1, , ,1,0,0,0,0,0,0,0,0,1,0,0,0,0,0,0,0,0,0,0,0,0,0,0,0,0,0,0,0,0,0, , , ,0, ,7/31/2018 7:12:06,1,3,3,1,1, , , , , , , , , ,2,1, , ,3,1, , , , , , 
373729-373720-37890609,0,0,1,1,1,3,3,2,2,1,1,1,1,3,1,3,3,2,2,1,1,1,1,3,1,3,1,1,1,1,1,1,1,1,1,1,3,1,2,1,1,1,2,3,1,0,0,0,1,0,0,0,0,0,0,0,0,0,0,1,0,0, ,3,3,3,3,1,2,3,3,3,2,2,3,1,1,1,3,3, ,2,3,2,3,2,3,0,3,3,1,3,3,3,2, ,3,0, ,0,1,0,0,0,0,0,0,1,0,0,0,0,1, , ,1,0,0,0,0,0,0,0,0,1,0,0,0,0,0,0,0,0,0,0,0,0,0,0,0,0,0,0,0,0,0, , , ,1, ,7/31/2018 7:16:03,1,1,2,2,2,2,1,3,1,1,1,2,2,2,1,5,1,1,1,4,4,4,3,3,3,3
373729-373720-37891076,0,0,0,1,0,3,3,1,1,1,1,3,1,3,3,3,3,1,1,1,1,3,2,3,3,3,3,1,1,1,1,3,2,3,3,1,3,1,1,1,1,1,1,1,0,0,0,0,0,0,0,0,0,0,0,0,0,0,0,0,0,0, ,1,3,3,2,2,2,3,3,3,1,3,3,1,1,3,3,3, ,1,1,1,1,3,1,1, , , , , , , , ,4,1, ,0,0,0,1,0,0,0,0,0,0,0,0,0,1, , ,0,0,0,0,0,0,0,0,0,1,0,0,0,0,0,0,0,0,0,0,0,0,0,0,0,0,0,0,0,0,0, , , ,1, ,7/31/2018 7:31:37,2,3,3,2,1, , , , , , , , , ,3,2, , ,3,5, , , , , , 
373729-373720-37891006,1,0,1,0,1,3,3,1,1,2,2,3,2,3,1,3,3,1,1,2,2,3,3,3,1,3,3,1,1,2,2,3,3,3,2,1,1,1,1,1,3,1,3,3,1,0,0,0,1,0,0,0,0,1,0,0,0,0,0,0,0,0, ,3,2,3,3,1,1,1,3,3,1,3,3,1,1,3,3,1, ,1,3,1,3,1,1,0,3,1,1,3,1,2,1, ,5,1, ,0,0,0,1,0,0,0,0,0,0,0,0,0,1, , ,0,0,0,0,0,0,0,0,0,1,0,0,0,0,0,0,0,0,0,0,0,0,0,0,0,0,0,0,0,0,0, , , ,0, ,7/31/2018 7:31:51,1,3,3,2,1,1,1,1,3,1,1,5,3,1,2,1,4,2,3,1,2,1,1,1,1,1
373729-373720-37891010,1,0,0,1,0,3,3,2,2,1,1,1,1,1,2,3,2,2,1,1,1,2,1,1,3,3,1,1,1,1,1,1,1,1,3,1,3,1,3,1,3,1,1,1,1,0,0,0,0,0,0,0,0,0,0,0,0,0,0,1,0,0, ,1,1,3,3,2,2,3,3,3,1,2,3,1,2,3,3,3, ,2,3,1,1,1,1,0,1,1,1,3,3,2,3, ,4,0, ,0,0,0,0,0,0,0,0,1,0,0,0,0,0,1,2,1,0,0,0,0,0,0,0,0,1,0,0,0,0,0,0,0,0,0,0,0,0,0,0,0,0,0,0,0,0,0, , , ,1, ,7/31/2018 7:31:58,3,3,3,2,1,3,1,2,2,3,1,3,1,3,3,2,3,6,3,5,6,1,1,1,1,1
373729-373720-37891084,1,1,1,1,1,3,3,1,1,1,1,3,1,3,3,3,2,1,1,1,1,2,1,1,3,3,1,1,1,1,1,1,1,1,3,2,2,1,1,1,2,1,1,1,1,0,0,0,1,0,0,0,0,0,0,0,0,0,0,0,0,0, ,3,3,3,3,2,1,3,1,3,1,1,1,1,2,3,3,1, ,3,3,1,3,3,3,0,3,3,2,3,3,3,1, ,4,0, ,0,0,0,1,0,0,0,0,0,0,0,0,0,0,1,2,2,0,0,0,0,0,0,0,0,1,0,0,0,0,0,0,0,0,0,0,0,0,0,0,0,0,0,0,0,0,0, , , ,1, ,7/31/2018 7:36:16,1,2,3,1,2,2,3,5,1,1,2,4,3,1,2,5,4,2,3,1,2,1,1,1,1,1
373729-373720-37891440,0,0,1,1,1,3,3,1,1,1,1,1,1,3,1,3,3,2,2,2,2,1,1,3,1,3,1,1,1,1,1,1,1,2,1,1,1,1,3,1,3,1,3,3,1,0,0,0,1,0,1,0,0,1,0,0,0,0,0,1,0,0, ,3,3,3,3,2,3,3,2,2,3,3,3,2,3,1,3,2, ,2,3,3,2,1,1,0,2,1,3,1,2,3,3, ,4,0, ,0,0,1,0,0,0,0,0,0,0,0,0,0,1, , ,1,0,0,0,0,0,0,0,0,1,0,0,0,0,0,0,0,0,0,0,0,0,0,0,0,0,0,0,0,0,0, , , ,0, ,7/31/2018 7:47:05,1,1,2,3,2,3,2,4,4,3,3,3,2,2,1,5,1,1,1,4,4,4,3,3,3,3
373729-373720-37891303,0,0,1,1,1,3,3,3,1,1,1,1,1,3,1,3,3,3,1,1,1,1,1,3,1,3,1, ,1,1,1,1,1,1,1,1,3,3,3,1,2,1,3,1,1,0,0,0,0,1,1,0,0,1,0,0,0,0,1,1,0,0, ,1,3,3,1,1,1,3,3,1,1,3,3,1,1,3,3,1, ,3,1,3,3,3,1,0,1,3,1,3,3,3,3, ,3,0, ,0,0,0,1,0,0,0,0,0,0,0,0,0,1, , ,2,0,0,0,0,0,0,0,0,1,0,0,0,0,0,0,0,0,0,0,0,0,1,0,0,0,0,0,0,0,0, , , ,0, ,7/31/2018 7:47:10,2,3,3,2,3,2,1,2,2,2,1,2,3,3,3,1,4,2,3,3,2,1,1,1,1,1
373729-373720-37890974,1,1,1,1,1,3,3,2,2,1,1,2,1,3,1,3,3,2,1,2,1,2,1,3,3,3,1,2,1,3,1,1,1,3,3,1,2,1,1,1,2,1,3,3,1,0,0,0,0,0,0,0,0,0,0,0,0,0,0,1,0,0, ,2,3,3,2,2,1,3,3,3,2,3,1,1,2,3,3,2, ,3,3,3,3,1,2,0,3,3,1,3,3,2,3, ,3,1, ,0,0,1,0,0,0,0,0,0,0,0,0,0,0,1,1,1,0,0,0,0,0,0,0,0,1,0,0,0,0,0,0,0,0,0,0,0,0,0,0,0,0,0,0,0,0,0, , , ,1, ,7/31/2018 7:53:18,2,3,3,2,2,2,1,3,5,2,1,2,3,3,3,1,4,2,3,1,2,1,1,1,1,1
373729-373720-37891733,0,0,1,1,1,3,3,2,3,2,2,3,3,3,3,3,3,2,3,3,3,3,3,3,3,3,3,3,3,3,3,3,3,3,3,2,3,1,1,1,3,1,2,3,1,0,0,0,0,0,0,0,0,1,0,0,0,0,0,0,0,0, ,1,3,3,3,1,1,3,3,3,1,3,3,1,3,3,2,2, ,3,3,3,3,1,2,0,3,3,3,3,3,3,3, ,4,1, ,0,0,0,0,0,1,0,0,0,0,0,0,0,1, , ,0,0,0,0,0,0,0,0,0,1,0,0,0,0,0,0,0,0,0,0,0,0,0,0,0,0,0,0,0,0,0, , , ,1, ,7/31/2018 7:59:16,3,3,1,2,2,2,1,3,5,2,1,3,1,4,3,2,2,5,2,2,1,6,5,5,4,1
373729-373720-37891782,1,1,1,1,1,2,3,2,2,1,1,3,2,3,1,3,1,2,2,1,1,1,1,2,1,1,1,3,1,3,1,1,1,1,1,3,3,1,3,1,2,1,2,3,1,0,0,0,1,0,0,0,0,1,0,0,0,0,0,0,0,0, ,2,3,3,3,1,1,3,2,3,2,3,1,1,1,3,3,1, ,3,3,2,2,3,3,0,3,2,1,3,2,1,1, ,3,0, ,0,0,0,0,1,0,0,0,0,0,0,0,0,1, , ,2,0,0,0,0,0,0,0,0,1,0,0,0,0,0,0,0,0,0,0,0,0,0,0,0,0,0,0,0,0,0, , , ,1, ,7/31/2018 8:02:12,3,3,3,1,2,1,3,1,1,1,2,5,1,5,3,2,2,5,3,3,3,2,1,1,1,1
373729-373720-37892196,1,0,1,1,1,3,3,3,3,1,1,3,3,2,1,3,2,3,3,1,1,1,2,1,1,3,1,2,1,1,1,1,1,1,1,1,3,1,2,1,3,1,1,1,1,0,0,0,1,0,1,0,0,0,0,0,0,0,0,1,0,0, ,2,3,2,1,2,1,3,3,2,1,3,3,1,3,1,1,3, ,3,3,3,3,2,2,0,3,3,1,3,2,2,1, ,4,0, ,0,0,0,1,0,0,0,0,0,0,0,0,0,1, , ,0,0,0,0,0,0,0,0,0,1,0,0,0,0,0,0,0,0,0,0,0,0,0,0,0,0,0,0,0,0,0, , , ,1, ,7/31/2018 8:13:58,2,3,1,3,2,1,2,3,1,2,3,1,2,4,2,1,2,5,4,2,5,6,5,5,4,1
373729-373720-37891263,1,1,0,1,0,3,3,1,2,3,2,2,1,1,1,3,2,2,2,2,2,1,1,1,2,3,1,1,1,2,2,1,1,1,3,1,3,1,3,1,3,1,3,1,1,0,0,0,0,0,0,0,0,1,0,0,0,0,0,1,0,0, ,2,3,3,3,1,2,3,2,2,1,2,1,2,2,3,3,2, ,2,3,1,1,3,1,0,2,2,3,3,3,3,2, ,2,0, ,0,0,0,1,0,0,0,0,1,0,0,0,0,1, , ,2,0,0,0,0,0,0,0,0,1,0,0,0,0,0,0,0,0,0,0,0,0,0,0,0,0,0,0,0,0,0, , , ,0, ,7/31/2018 8:24:08,3,2,3,1,3,3,3,5,4,3,2,4,1,3,3,3,3,6,3,3,6,1,1,1,1,1
373729-373720-37893201,1,1,1,1,1,3,3,1,1,2,2,1,1,1,2,3,3,2,1,1,1,2,2,2,3,3,1,1,1,1,1,1,1,1,2,1,1,1,1,1,2,1,1,2,1,0,0,0,0,0,0,0,0,0,0,0,0,0,0,0,0,0, ,1,2,1,3,2,2,2,1,3,1,2,2,1,1,3,3,1, ,3,3,1,1,3,1,0,3,3,1,3,3,2,2, ,4,0, ,0,0,0,1,0,0,0,0,0,0,0,0,0,0,1,1,2,0,0,0,0,0,0,0,0,1,0,0,0,0,0,0,0,0,0,0,0,0,0,0,0,0,0,0,0,0,0, , , ,0, ,7/31/2018 8:55:05,3,2,3,1,3,2,3,5,1,2,2,4,1,5,3,3,3,6,3,3,6,1,1,1,1,1
373729-373720-37893551,1,0,1,1,1,3,3,3,3,3,3,1,2,1,1,3,3,3,3,2,2,1,1,1,1,3,3,3,2,2,2,1,1,1,1,3,1,1,3,1,3,1,1,1,0,0,0,0,1,0,0,1,0,0,0,0,0,0,0,0,1,0, ,3,3,3,3,1,1,3,3,3,2,3,3,1,2,3,3,3, ,3,3,3,3,2,2,0,1,3,2,3,3,3,3, ,5,1, ,0,0,0,0,0,0,0,0,1,0,0,0,0,1, , ,1,0,0,0,0,0,0,0,0,1,0,0,0,0,0,0,0,0,0,0,0,0,0,0,0,0,0,0,0,0,0, , , ,1, ,7/31/2018 9:06:51,1,3,3,2,2,2,1,4,4,3,1,3,3,1,2,1,4,2,3,1,2,1,1,1,1,1
373729-373720-37893829,0,0,0,0,1,3,2,2,2,1,1,3,1,3,3,3,3,2,2,2,2,1,1,3,2,3,2,2,2,2,2,2,2,2,3,1,2,1,1,1,1,3,1,1,1,0,1,0,0,1,0,0,0,0,0,0,0,0,0,0,0,0, ,1,3,3,2,1,1,3,1,3,1,1,1,1,1,3,3,3, ,3,2,3,3,1,1,0,3,1,3,2,3,3,3, ,4,1, ,0,0,0,0,0,0,0,0,1,0,0,0,0,1, , ,2,0,0,0,0,0,0,0,0,1,0,0,0,0,0,0,0,0,0,0,0,0,0,0,0,0,0,0,0,0,0, , , ,1, ,7/31/2018 9:07:00,3,2,3,1,2,3,1,2,4,3,2,4,1,5,3,3,3,6,3,5,6,1,1,1,1,1
373729-373720-37893757,1,1,1,1,1,2,3,2,3,3,3,3,3,3,1,3,2,2,2,3,2,3,2,3,2,3,3,3,2,3,2,2,2,3,2,1,2,3,1,1,3,1,3,3,1,0,0,0,1,0,0,0,0,1,0,0,0,0,1,1,0,0, ,3,3,3,3,1,3,3,2,2,3,3,2,3,3,3,1,3, ,3,3,2,3,1,1,0,1,3,1,3,3, ,3, ,2,1, ,0,0,0,1,0,0,0,0,0,0,0,0,0,1, , ,0,0,0,0,0,0,0,0,0,1,0,0,0,0,0,0,0,0,0,0,0,0,0,0,0,0,0,0,0,0,0, , , ,1, ,7/31/2018 9:12:35,1,1,1,3,2, , , , , , , , , ,1,4, , ,1,4, , , , , , 
373729-373720-37895144,1,0,1,1,0,3,3,3,3,1,1,1,1,1,2,3,3,3,3,1,1,1,1,1,3,3,1,3,1,1,1,1,1,1,3,2,3,1,3,1,3,1,2,3,1,0,0,0,1,0,0,0,0,0,0,0,0,0,0,1,0,0, ,1,3,3,1,3,2,3,3,3,1,3,2,1,3,2,2,2, ,3,3,3,3,2,3,0,3,3,1,3,3,2,1, ,2,0, ,0,0,0,0,1,0,0,0,0,0,0,0,0,1, , ,2,0,0,0,0,0,0,0,0,1,0,0,0,0,0,0,0,0,0,0,0,0,0,0,0,0,0,0,0,0,0, , , ,1, ,7/31/2018 9:42:26,2,3,2,3,2,1,2,3,5,2,1,2,3,1,2,1,2,5,3,2,3,6,5,5,4,1
373729-373720-37893141,1,0,1,1,1,2,1,3,3,1,1,1,1,3,3,1,1,2,3,1,1,1,1,3,3,2,1,3,2,3,1,1,1,3,1,1,2,1,3,1,2,1,3,1,1,0,0,0,0,0,1,0,0,0,0,0,0,0,0,1,0,0, ,3,1,3,3,1,3,1,3,3,2,3,3,3,2,2,3,3, ,3,3,1,3,1,1,0,3,3,1,3,2,1,3, ,2,1, ,0,0,0,1,0,0,0,0,0,0,0,0,0,1, , ,1,0,0,0,0,0,0,0,0,1,0,0,0,0,0,0,0,0,0,0,0,0,0,0,0,0,0,0,0,0,0, , , ,1, ,7/31/2018 10:06:22,1,1,1,3,3,2,2,3,1,1,3,1,2,2,1,4,1,1,1,4,4,4,3,3,3,3
373729-373720-37898194,1,0,1,1,1,3,1,1,1,2,2,2,1,3,3,3,1,2,1,2,2,1,1,3,3,3,1,2,2,3,3,1,1,2,3,1,3,1,1,1,2,1,1,1,1,0,0,0,1,0,0,0,0,0,0,0,0,0,0,1,0,0, ,1,3,3,3,1,1,3,3,3,1,2,1,1,1,3,3,3, ,3,1,1,1,3,1,0,3,3,1,3,1,2,1, ,3,0, ,0,0,0,1,0,0,0,0,0,0,0,0,0,1, , ,1,0,0,0,0,0,0,0,0,1,0,0,0,0,0,0,0,0,0,0,0,0,0,0,0,0,0,0,0,0,0, , , ,1, ,7/31/2018 11:04:48,3,3,3,2,3,1,3,1,1,1,2,2,1,5,3,3,2,5,3,3,3,2,1,1,1,1
373729-373720-37899549,1,0,0,1,1,3,3,2,3,1,1,3,3,3,3,3,3,1,1,1,1,2,3,3,3,2,1,3,3,2,2,1,1,1,3,1,3,1,1,1,3,1,2,1,1,0,0,0,1,0,0,0,0,0,0,0,0,0,0,1,0,0, ,1,3,3,1,1,2,3,3,3,1,2,2,1,2,3,3,3, ,3,3,2,2,1,3,0,3,1,3,3,1,2,3, ,2,0, ,0,0,0,1,0,0,0,0,0,0,0,0,0,1, , ,1,0,0,0,0,0,0,0,0,1,0,0,0,0,0,0,0,0,0,0,0,0,0,0,0,0,0,0,0,0,0, , , ,0, ,7/31/2018 11:55:39,2,3,3,2,2,3,1,3,5,2,1,2,3,3,3,1,4,6,3,1,6,1,1,1,1,1
373729-373720-37929190,1,0,1,1,1,1,3,2,2,1,1,3,3,3,1,2,3,3,3,2,1,3,3,3,3,3,3,3,3,2,2,3,3,3,3,2,3,1,1,1,2,1,2,1,1,0,0,0,0,0,0,0,0,1,0,0,0,0,0,1,0,0, ,1,3,1,1,3,1,3,3,3,3,3,3,1,3,3,1,3, ,3,1,1,1,3,1,1, , , , , , , , ,3,0, ,0,1,0,1,0,0,0,0,0,0,0,0,0,1, , ,0,0,0,0,0,0,0,0,0,1,0,0,0,0,0,0,0,0,0,0,0,0,0,0,0,0,0,0,0,0,0, , , ,1, ,8/1/2018 9:10:06,2,1,1,3,3, , , , , , , , , ,1,4, , ,2,4, , , , , , 
373729-373720-37944117,1,0,1,0,1,2,3,2,2,1,1,2,1,3,2,3,2,2,1,1,1,1,1,3,2,2,1,1,1,1,1,1,1,1,1,1,3,1,1,1,3,1,1,1,1,0,0,0,0,0,1,0,0,0,0,0,0,0,0,1,0,0, ,1,3,1,3,1,1,3,1,3,1,2,2,1,1,3,3,3, ,1,1,3,2,1,1,0,3,3,1,3,2,2,1, ,3,1, ,0,0,0,1,0,0,0,0,0,0,0,0,0,1, , ,2,1,0,0,0,0,0,0,0,1,0,0,0,1,0,0,0,0,0,0,0,0,0,0,1,0,0,0,0,0,0, , , ,1, ,8/2/2018 6:54:17,3,2,3,1,1,1,3,1,1,1,2,2,1,5,3,2,3,3,3,5,7,1,1,1,1,1
373729-373720-37981651,1,1,0,1,0,3,1,3,2,3,3,1,1,3,1,3,2,3,3,2,2,1,1,3,1,3,1,1,1,1,2,1,1,3,1,2,3,1,3,1,3,1,2,3,1,0,0,0,0,1,1,0,0,0,0,0,0,0,0,1,0,0, ,3,3,3,3,1,1,3,3,2,1,3,1,1,1,3,3,1, ,1,1,1,1,1,1,0,1,1,1,3,3,2,1, ,3,1, ,1, ,0,0,0,0,0,0,0,0,0,0,0,0,0,2,2,0,0,0,0,0,0,0,0,1,0,0,0,0,0,0,0,0,0,0,0,0,0,0,0,1,0,0,0,0,0, , , ,1, ,8/2/2018 14:12:26,1,3,3,1,1,1,3,1,3,1,1,5,3,1,2,1,4,2,3,1,2,1,1,1,1,1
373729-373720-38338265,0,0,0,1,0,2,3,2,2,1,1,3,2,3,2,2,2,2,2,1,1,3,2,3,3,2,2, ,1, , ,3,2,3,2,1,2,1,1,1,3,1,1,1,0,0,0,0,0,0,0,0,0,0,0,0,0,0,1,1,0,0, ,1,1,2,3,2,1,2,2,2,1,2,1,2,1,3,3,3, ,3,1,1,1,2,1,0,2,2,2,2,2,2,2, ,6,0, ,1, ,0,0,0,0,0,0,0,0,0,0,0,1, , ,0,0,0,0,0,0,0,0,0,1,0,0,0,0,0,0,0,0,0,0,0,0,0,0,0,0,0,0,0,0,0, , , ,1, ,8/9/2018 22:29:05,3,2,3,1,3,3,3,2,3,2,2,5,1,3,3,3,3,6,3,3,6,1,1,1,1,1
373729-373720-38427165,1,0,0,1,0,3,3,1,1,1,1,3,3,3,2,2,1,2,2,2,1,1,2,2,2,1,1,3,2,3,1,1,1,3,1,3,3,1,1,1,1,1,1,1,0,0,0,0,0,0,1,0,0,1,0,0,0,0,0,1,0,0, ,1,3,3,3,1,1,3,3,3,3,3,3,2,1,3,3,2, ,2,3,2,3,1,1,0,1,1,1,3,3,2,3, ,3,1, ,0,0,0,0,0,0,0,0,0,1,0,0,0,1, , ,1,1,0,0,0,0,0,0,0,1,0,0,0,0,0,0,0,0,0,0,0,0,0,0,0,0,0,0,0,0,0, , , ,0, ,8/13/2018 10:41:16,3,1,3,2,2,3,1,2,2,3,1,3,1,5,3,3,3,3,2,5,7,1,1,1,1,1
373729-373720-38587710,1,0,0,1,0,3,3,2,2,1,1,2,1,3,1,3,1,1,1,3,1,2,1,2,1,3,2,2,1,2,1,1,1,2,1,1,1,2,3,1,3,3,3,3,1,0,1,0,1,0,0,0,0,0,0,0,0,0,1,1,1,0, ,3,2,3,3,1,3,3,3,2,2,3,3,3,2,2,3,3, ,3,3,3,3,1,2,0,3,3,2,3,2,3,1, ,2,1, ,0,0,1,0,0,0,0,0,0,0,0,0,0,1, , ,2,1,0,0,0,0,0,0,0,1,0,0,0,0,0,0,0,0,1,0,0,0,0,0,0,0,0,0,0,0,0, , , ,1, ,8/18/2018 0:41:43,1,1,1,3,2,2,2,3,1,1,3,1,2,2,1,4,1,1,1,4,4,4,3,3,3,3
373729-373720-38625699,1,0,0,1,0,1,3,2,2,1,1,3,2,3,3,3,1,3,2,3,1,1,2,3,2,1,1,3,2,3,3,2,1,2,2,1,2,1,1,1,2,1,1,2,1,0,0,0,1,0,0,0,0,1,0,0,0,0,1,1,0,0, ,3,3,3,3,1,1,3,3,3,1,3,3,1,2,2,3,3, ,3,3,1,1,3,1,0,3,1,3,3,3,3,1, ,4,0, ,0,0,0,0,0,0,1,0,0,0,0,0,0,1, , ,4,0,0,0,0,0,0,0,0,1,0,0,0,0,0,0,0,0,0,0,0,0,0,0,0,0,0,0,0,0,0, , , ,1, ,8/20/2018 10:44:13,1,3,1,2,3,3,1,4,4,3,1,3,2,4,2,1,1,1,4,2,5,3,2,2,2,2
